pair_id,human_label_annotator1,human_label_annotator2,final_resolved_label,resolution_reason,jd_title,repo_name,file_path,method_name
PAIR_005,2,1.0,2,RESOLVED_BY_ADJUDICATION (Adjudicated to Level 2 based on domain implementation evidence),Backend Developer (Java / Spring Boot),mewebstudio/java-spring-boot-boilerplate,src/main/java/com/mewebstudio/javaspringbootboilerplate/controller/AccountController.java,me
PAIR_010,2,1.0,2,RESOLVED_BY_ADJUDICATION (Adjudicated to Level 2 based on domain implementation evidence),Backend Developer (Java / Spring Boot),huseynovvusal/spring-blog-api,src/main/java/com/huseynovvusal/springblogapi/config/SecurityConfig.java,securityFilterChain
PAIR_011,1,0.0,1,RESOLVED_BY_ADJUDICATION (Adjudicated to Level 1 based on indirect evidence guideline),Junior Java Developer,devdcores/BookStoreApp-Distributed-Application,bookstore-account-service/src/main/java/com/devd/spring/bookstoreaccountservice/config/AccountServiceConfig.java,
PAIR_034,1,0.0,1,RESOLVED_BY_ADJUDICATION (Adjudicated to Level 1 based on indirect evidence guideline),Java Microservices Fresher,devdcores/BookStoreApp-Distributed-Application,bookstore-account-service/src/main/java/com/devd/spring/bookstoreaccountservice/config/AccountServiceConfig.java,
PAIR_037,0,1.0,1,RESOLVED_BY_ADJUDICATION (Adjudicated to Level 1 based on indirect evidence guideline),Java Microservices Fresher,devdcores/BookStoreApp-Distributed-Application,bookstore-account-service/src/main/java/com/devd/spring/bookstoreaccountservice/config/AuthorizationServerConfig.java,configure
PAIR_055,2,1.0,2,RESOLVED_BY_ADJUDICATION (Adjudicated to Level 2 based on domain implementation evidence),Fresher Java Backend Engineer,devdcores/BookStoreApp-Distributed-Application,bookstore-account-service/src/main/java/com/devd/spring/bookstoreaccountservice/config/AuthorizationServerConfig.java,configure
PAIR_058,1,2.0,2,RESOLVED_BY_ADJUDICATION (Adjudicated to Level 2 based on domain implementation evidence),Fresher Java Backend Engineer,devdcores/BookStoreApp-Distributed-Application,bookstore-account-service/src/main/java/com/devd/spring/bookstoreaccountservice/config/AuthorizationServerConfig.java,configure
PAIR_068,2,1.0,2,RESOLVED_BY_ADJUDICATION (Adjudicated to Level 2 based on domain implementation evidence),Java API Developer,devdcores/BookStoreApp-Distributed-Application,bookstore-account-service/src/main/java/com/devd/spring/bookstoreaccountservice/config/AuthorizationServerConfig.java,configure
PAIR_069,2,1.0,2,RESOLVED_BY_ADJUDICATION (Adjudicated to Level 2 based on domain implementation evidence),Java API Developer,devdcores/BookStoreApp-Distributed-Application,bookstore-account-service/src/main/java/com/devd/spring/bookstoreaccountservice/config/AuthorizationServerConfig.java,configure
PAIR_078,1,2.0,1,RESOLVED_BY_ADJUDICATION (Adjudicated to Level 1 based on indirect evidence guideline),Junior Java Software Engineer,osopromadze/Spring-Boot-Blog-REST-API,src/main/java/com/sopromadze/blogapi/config/AuditingConfig.java,getCurrentAuditor
PAIR_085,1,2.0,2,RESOLVED_BY_ADJUDICATION (Adjudicated to Level 2 based on domain implementation evidence),Java Backend Intern,devdcores/BookStoreApp-Distributed-Application,bookstore-account-service/src/main/java/com/devd/spring/bookstoreaccountservice/config/AuthorizationServerConfig.java,configure
PAIR_086,2,1.0,2,RESOLVED_BY_ADJUDICATION (Adjudicated to Level 2 based on domain implementation evidence),Java Backend Intern,hoangtien2k3/ecommerce-microservices,auth-service/src/main/java/com/ecommerce/authservice/controller/AuthController.java,register
PAIR_107,2,1.0,2,RESOLVED_BY_ADJUDICATION (Adjudicated to Level 2 based on domain implementation evidence),Java Backend Developer,huseynovvusal/spring-blog-api,src/main/java/com/huseynovvusal/springblogapi/config/OpenAPIConfiguration.java,defineOpenApi
PAIR_130,0,1.0,1,RESOLVED_BY_ADJUDICATION (Adjudicated to Level 1 based on indirect evidence guideline),Java Backend Fresher,rimmelasghar/SpringBoot-boilerPlate,src/main/java/com/rimmelasghar/boilerplate/springboot/exceptions/ApiExceptionResponse.java,
PAIR_131,0,1.0,1,RESOLVED_BY_ADJUDICATION (Adjudicated to Level 1 based on indirect evidence guideline),Backend Engineer (Java / Spring Boot),huseynovvusal/spring-blog-api,src/main/java/com/huseynovvusal/springblogapi/config/OpenAPIConfiguration.java,defineOpenApi
PAIR_132,0,2.0,2,RESOLVED_BY_ADJUDICATION (Adjudicated to Level 2 based on domain implementation evidence),Backend Engineer (Java / Spring Boot),huseynovvusal/spring-blog-api,src/main/java/com/huseynovvusal/springblogapi/config/SecurityConfig.java,securityFilterChain
PAIR_143,2,1.0,2,RESOLVED_BY_ADJUDICATION (Adjudicated to Level 2 based on domain implementation evidence),Java Backend Fresher,devdcores/BookStoreApp-Distributed-Application,bookstore-account-service/src/main/java/com/devd/spring/bookstoreaccountservice/config/AuthorizationServerConfig.java,tokenServices
PAIR_148,2,1.0,2,RESOLVED_BY_ADJUDICATION (Adjudicated to Level 2 based on domain implementation evidence),Java Backend Fresher,huseynovvusal/spring-blog-api,src/main/java/com/huseynovvusal/springblogapi/config/OpenAPIConfiguration.java,defineOpenApi
PAIR_151,1,0.0,0,RESOLVED_BY_ADJUDICATION (Adjudicated to Level 0 based on boilerplate/irrelevant guideline),Frontend Developer Fresher (ReactJS / TypeScript),vercel/commerce,components/carousel.tsx,Carousel
PAIR_155,0,1.0,0,RESOLVED_BY_ADJUDICATION (Adjudicated to Level 0 based on boilerplate/irrelevant guideline),Frontend Developer Fresher (ReactJS / TypeScript),vercel/commerce,components/welcome-toast.tsx,WelcomeToast
PAIR_162,0,1.0,0,RESOLVED_BY_ADJUDICATION (Adjudicated to Level 0 based on boilerplate/irrelevant guideline),ReactJS / TypeScript Intern,vercel/commerce,components/cart/actions.ts,addItem
PAIR_166,1,2.0,1,RESOLVED_BY_ADJUDICATION (Adjudicated to Level 1 based on indirect evidence guideline),ReactJS / TypeScript Intern,vercel/commerce,components/price.tsx,
PAIR_170,0,1.0,0,RESOLVED_BY_ADJUDICATION (Adjudicated to Level 0 based on boilerplate/irrelevant guideline),ReactJS / TypeScript Intern,vercel/commerce,components/prose.tsx,
PAIR_181,1,2.0,1,RESOLVED_BY_ADJUDICATION (Adjudicated to Level 1 based on indirect evidence guideline),Frontend Engineer,ZahraMirzaei/online-shop,components/banners/banner-box/BannerBox.tsx,
PAIR_182,2,1.0,2,RESOLVED_BY_ADJUDICATION (Adjudicated to Level 2 based on domain implementation evidence),Frontend Engineer,devias-io/material-kit-react,src/components/core/chart.tsx,
PAIR_211,1,2.0,1,RESOLVED_BY_ADJUDICATION (Adjudicated to Level 1 based on indirect evidence guideline),Frontend Developer Intern/Fresher,no2ehi/full-amazon-clone,components/admin/categories/CreateCategory.tsx,
PAIR_221,1,2.0,1,RESOLVED_BY_ADJUDICATION (Adjudicated to Level 1 based on indirect evidence guideline),React TypeScript Fresher,no2ehi/full-amazon-clone,components/admin/product/CreateProduct.tsx,
PAIR_227,2,1.0,2,RESOLVED_BY_ADJUDICATION (Adjudicated to Level 2 based on domain implementation evidence),React TypeScript Fresher,ZahraMirzaei/online-shop,components/carousel/Slide.tsx,
PAIR_239,2,0.0,2,RESOLVED_BY_ADJUDICATION (Adjudicated to Level 2 based on domain implementation evidence),Frontend Web Developer,alim1496/simple-react-ecommerce,src/components/CustomPopup.tsx,
