chunk_id,repo_name,file_path,category,start_line,end_line,loc,diagnosed_fallback_reason
ast::Angel-Concha-Layme/Fake-Store-API::src/main/java/com/fakestore/api/dto/OrderDTO.java::1_12::LINE_FALLBACK,Angel-Concha-Layme/Fake-Store-API,src/main/java/com/fakestore/api/dto/OrderDTO.java,JAVA,1,12,12,Java Record / Enum declaration without methods
ast::Angel-Raa/spring-security-jwt-authentication-and-authorization::src/main/java/com/github/angel/raa/modules/persistence/repository/CategoryRepository.java::1_6::LINE_FALLBACK,Angel-Raa/spring-security-jwt-authentication-and-authorization,src/main/java/com/github/angel/raa/modules/persistence/repository/CategoryRepository.java,JAVA,1,6,6,Java Interface contract / abstract method signatures
ast::Angel-Raa/spring-security-jwt-authentication-and-authorization::src/main/java/com/github/angel/raa/modules/persistence/repository/ProductRepository.java::1_6::LINE_FALLBACK,Angel-Raa/spring-security-jwt-authentication-and-authorization,src/main/java/com/github/angel/raa/modules/persistence/repository/ProductRepository.java,JAVA,1,6,6,Java Interface contract / abstract method signatures
ast::Blazity/next-enterprise::components/Button/Button.test.tsx::1_32::LINE_FALLBACK,Blazity/next-enterprise,components/Button/Button.test.tsx,REACT_TS,1,32,32,Top-level JSX render or non-method component definition
ast::Blazity/next-enterprise::lp-items.tsx::1_50::LINE_FALLBACK,Blazity/next-enterprise,lp-items.tsx,REACT_TS,1,50,50,Exported constant array / dictionary
ast::Blazity/next-enterprise::lp-items.tsx::41_90::LINE_FALLBACK,Blazity/next-enterprise,lp-items.tsx,REACT_TS,41,90,50,TypeScript type or interface declaration
ast::Blazity/next-enterprise::lp-items.tsx::81_130::LINE_FALLBACK,Blazity/next-enterprise,lp-items.tsx,REACT_TS,81,130,50,Top-level JSX render or non-method component definition
ast::Blazity/next-enterprise::lp-items.tsx::121_170::LINE_FALLBACK,Blazity/next-enterprise,lp-items.tsx,REACT_TS,121,170,50,Top-level JSX render or non-method component definition
ast::Blazity/next-enterprise::lp-items.tsx::161_210::LINE_FALLBACK,Blazity/next-enterprise,lp-items.tsx,REACT_TS,161,210,50,Top-level JSX render or non-method component definition
ast::Blazity/next-enterprise::lp-items.tsx::201_250::LINE_FALLBACK,Blazity/next-enterprise,lp-items.tsx,REACT_TS,201,250,50,Top-level JSX render or non-method component definition
ast::Blazity/next-enterprise::lp-items.tsx::241_290::LINE_FALLBACK,Blazity/next-enterprise,lp-items.tsx,REACT_TS,241,290,50,Top-level JSX render or non-method component definition
ast::Blazity/next-enterprise::lp-items.tsx::281_330::LINE_FALLBACK,Blazity/next-enterprise,lp-items.tsx,REACT_TS,281,330,50,Top-level JSX render or non-method component definition
ast::Blazity/next-enterprise::lp-items.tsx::321_370::LINE_FALLBACK,Blazity/next-enterprise,lp-items.tsx,REACT_TS,321,370,50,Top-level JSX render or non-method component definition
ast::Blazity/next-enterprise::lp-items.tsx::361_410::LINE_FALLBACK,Blazity/next-enterprise,lp-items.tsx,REACT_TS,361,410,50,Top-level JSX render or non-method component definition
ast::Blazity/next-enterprise::lp-items.tsx::401_416::LINE_FALLBACK,Blazity/next-enterprise,lp-items.tsx,REACT_TS,401,416,16,Top-level JSX render or non-method component definition
ast::Blazity/next-enterprise::next.config.ts::1_21::LINE_FALLBACK,Blazity/next-enterprise,next.config.ts,REACT_TS,1,21,21,TypeScript type or interface declaration
ast::Blazity/next-enterprise::playwright.config.ts::1_50::LINE_FALLBACK,Blazity/next-enterprise,playwright.config.ts,REACT_TS,1,50,50,Export default expression / object / identifier
ast::Blazity/next-enterprise::playwright.config.ts::41_77::LINE_FALLBACK,Blazity/next-enterprise,playwright.config.ts,REACT_TS,41,77,37,Top-level JSX render or non-method component definition
ast::DevlinRocha/banter::src/components/Members.tsx::1_50::LINE_FALLBACK,DevlinRocha/banter,src/components/Members.tsx,REACT_TS,1,50,50,Object literal / configuration constant
ast::DevlinRocha/banter::src/components/Members.tsx::41_90::LINE_FALLBACK,DevlinRocha/banter,src/components/Members.tsx,REACT_TS,41,90,50,Object literal / configuration constant
ast::DevlinRocha/banter::src/components/Members.tsx::81_130::LINE_FALLBACK,DevlinRocha/banter,src/components/Members.tsx,REACT_TS,81,130,50,Top-level JSX render or non-method component definition
ast::DevlinRocha/banter::src/components/Members.tsx::121_170::LINE_FALLBACK,DevlinRocha/banter,src/components/Members.tsx,REACT_TS,121,170,50,Object literal / configuration constant
ast::DevlinRocha/banter::src/components/Members.tsx::161_210::LINE_FALLBACK,DevlinRocha/banter,src/components/Members.tsx,REACT_TS,161,210,50,Object literal / configuration constant
ast::DevlinRocha/banter::src/components/Members.tsx::201_250::LINE_FALLBACK,DevlinRocha/banter,src/components/Members.tsx,REACT_TS,201,250,50,Object literal / configuration constant
ast::DevlinRocha/banter::src/components/Members.tsx::241_290::LINE_FALLBACK,DevlinRocha/banter,src/components/Members.tsx,REACT_TS,241,290,50,Top-level JSX render or non-method component definition
ast::DevlinRocha/banter::src/components/Members.tsx::281_330::LINE_FALLBACK,DevlinRocha/banter,src/components/Members.tsx,REACT_TS,281,330,50,Top-level JSX render or non-method component definition
ast::DevlinRocha/banter::src/components/Members.tsx::321_359::LINE_FALLBACK,DevlinRocha/banter,src/components/Members.tsx,REACT_TS,321,359,39,Top-level JSX render or non-method component definition
ast::JordanKnott/taskcafe::frontend/src/shared/components/AddList/Styles.ts::1_50::LINE_FALLBACK,JordanKnott/taskcafe,frontend/src/shared/components/AddList/Styles.ts,REACT_TS,1,50,50,Styled-components / CSS-in-JS definition
ast::JordanKnott/taskcafe::frontend/src/shared/components/AddList/Styles.ts::41_90::LINE_FALLBACK,JordanKnott/taskcafe,frontend/src/shared/components/AddList/Styles.ts,REACT_TS,41,90,50,Styled-components / CSS-in-JS definition
ast::JordanKnott/taskcafe::frontend/src/shared/components/AddList/Styles.ts::81_112::LINE_FALLBACK,JordanKnott/taskcafe,frontend/src/shared/components/AddList/Styles.ts,REACT_TS,81,112,32,Styled-components / CSS-in-JS definition
ast::JordanKnott/taskcafe::frontend/src/shared/components/Admin/index.tsx::1_50::LINE_FALLBACK,JordanKnott/taskcafe,frontend/src/shared/components/Admin/index.tsx,REACT_TS,1,50,50,Styled-components / CSS-in-JS definition
ast::JordanKnott/taskcafe::frontend/src/shared/components/Admin/index.tsx::41_90::LINE_FALLBACK,JordanKnott/taskcafe,frontend/src/shared/components/Admin/index.tsx,REACT_TS,41,90,50,Styled-components / CSS-in-JS definition
ast::JordanKnott/taskcafe::frontend/src/shared/components/Admin/index.tsx::81_130::LINE_FALLBACK,JordanKnott/taskcafe,frontend/src/shared/components/Admin/index.tsx,REACT_TS,81,130,50,Styled-components / CSS-in-JS definition
ast::JordanKnott/taskcafe::frontend/src/shared/components/Admin/index.tsx::121_170::LINE_FALLBACK,JordanKnott/taskcafe,frontend/src/shared/components/Admin/index.tsx,REACT_TS,121,170,50,Styled-components / CSS-in-JS definition
ast::JordanKnott/taskcafe::frontend/src/shared/components/Admin/index.tsx::161_210::LINE_FALLBACK,JordanKnott/taskcafe,frontend/src/shared/components/Admin/index.tsx,REACT_TS,161,210,50,Styled-components / CSS-in-JS definition
ast::JordanKnott/taskcafe::frontend/src/shared/components/Admin/index.tsx::201_250::LINE_FALLBACK,JordanKnott/taskcafe,frontend/src/shared/components/Admin/index.tsx,REACT_TS,201,250,50,Styled-components / CSS-in-JS definition
ast::JordanKnott/taskcafe::frontend/src/shared/components/Admin/index.tsx::241_290::LINE_FALLBACK,JordanKnott/taskcafe,frontend/src/shared/components/Admin/index.tsx,REACT_TS,241,290,50,Styled-components / CSS-in-JS definition
ast::JordanKnott/taskcafe::frontend/src/shared/components/Admin/index.tsx::281_330::LINE_FALLBACK,JordanKnott/taskcafe,frontend/src/shared/components/Admin/index.tsx,REACT_TS,281,330,50,Styled-components / CSS-in-JS definition
ast::JordanKnott/taskcafe::frontend/src/shared/components/Admin/index.tsx::321_370::LINE_FALLBACK,JordanKnott/taskcafe,frontend/src/shared/components/Admin/index.tsx,REACT_TS,321,370,50,Top-level JSX render or non-method component definition
ast::JordanKnott/taskcafe::frontend/src/shared/components/Admin/index.tsx::361_410::LINE_FALLBACK,JordanKnott/taskcafe,frontend/src/shared/components/Admin/index.tsx,REACT_TS,361,410,50,Top-level JSX render or non-method component definition
ast::JordanKnott/taskcafe::frontend/src/shared/components/Admin/index.tsx::401_450::LINE_FALLBACK,JordanKnott/taskcafe,frontend/src/shared/components/Admin/index.tsx,REACT_TS,401,450,50,Top-level JSX render or non-method component definition
ast::JordanKnott/taskcafe::frontend/src/shared/components/Admin/index.tsx::441_490::LINE_FALLBACK,JordanKnott/taskcafe,frontend/src/shared/components/Admin/index.tsx,REACT_TS,441,490,50,Top-level JSX render or non-method component definition
ast::JordanKnott/taskcafe::frontend/src/shared/components/Admin/index.tsx::481_530::LINE_FALLBACK,JordanKnott/taskcafe,frontend/src/shared/components/Admin/index.tsx,REACT_TS,481,530,50,TypeScript type or interface declaration
ast::JordanKnott/taskcafe::frontend/src/shared/components/Admin/index.tsx::521_570::LINE_FALLBACK,JordanKnott/taskcafe,frontend/src/shared/components/Admin/index.tsx,REACT_TS,521,570,50,TypeScript type or interface declaration
ast::JordanKnott/taskcafe::frontend/src/shared/components/Admin/index.tsx::561_610::LINE_FALLBACK,JordanKnott/taskcafe,frontend/src/shared/components/Admin/index.tsx,REACT_TS,561,610,50,Top-level JSX render or non-method component definition
ast::JordanKnott/taskcafe::frontend/src/shared/components/Admin/index.tsx::601_650::LINE_FALLBACK,JordanKnott/taskcafe,frontend/src/shared/components/Admin/index.tsx,REACT_TS,601,650,50,Top-level JSX render or non-method component definition
ast::JordanKnott/taskcafe::frontend/src/shared/components/Admin/index.tsx::641_690::LINE_FALLBACK,JordanKnott/taskcafe,frontend/src/shared/components/Admin/index.tsx,REACT_TS,641,690,50,Top-level JSX render or non-method component definition
ast::JordanKnott/taskcafe::frontend/src/shared/components/Admin/index.tsx::681_714::LINE_FALLBACK,JordanKnott/taskcafe,frontend/src/shared/components/Admin/index.tsx,REACT_TS,681,714,34,Top-level JSX render or non-method component definition
ast::JordanKnott/taskcafe::frontend/src/shared/components/Button/index.tsx::1_50::LINE_FALLBACK,JordanKnott/taskcafe,frontend/src/shared/components/Button/index.tsx,REACT_TS,1,50,50,Styled-components / CSS-in-JS definition
ast::JordanKnott/taskcafe::frontend/src/shared/components/Button/index.tsx::41_90::LINE_FALLBACK,JordanKnott/taskcafe,frontend/src/shared/components/Button/index.tsx,REACT_TS,41,90,50,Styled-components / CSS-in-JS definition
ast::JordanKnott/taskcafe::frontend/src/shared/components/Button/index.tsx::81_130::LINE_FALLBACK,JordanKnott/taskcafe,frontend/src/shared/components/Button/index.tsx,REACT_TS,81,130,50,Styled-components / CSS-in-JS definition
ast::JordanKnott/taskcafe::frontend/src/shared/components/Button/index.tsx::121_170::LINE_FALLBACK,JordanKnott/taskcafe,frontend/src/shared/components/Button/index.tsx,REACT_TS,121,170,50,TypeScript type or interface declaration
ast::JordanKnott/taskcafe::frontend/src/shared/components/Button/index.tsx::161_210::LINE_FALLBACK,JordanKnott/taskcafe,frontend/src/shared/components/Button/index.tsx,REACT_TS,161,210,50,Top-level JSX render or non-method component definition
ast::JordanKnott/taskcafe::frontend/src/shared/components/Button/index.tsx::201_250::LINE_FALLBACK,JordanKnott/taskcafe,frontend/src/shared/components/Button/index.tsx,REACT_TS,201,250,50,Export default expression / object / identifier
ast::JordanKnott/taskcafe::frontend/src/shared/components/CardComposer/Styles.ts::1_34::LINE_FALLBACK,JordanKnott/taskcafe,frontend/src/shared/components/CardComposer/Styles.ts,REACT_TS,1,34,34,Styled-components / CSS-in-JS definition
ast::JordanKnott/taskcafe::frontend/src/shared/components/Checklist/index.tsx::1_50::LINE_FALLBACK,JordanKnott/taskcafe,frontend/src/shared/components/Checklist/index.tsx,REACT_TS,1,50,50,Styled-components / CSS-in-JS definition
ast::JordanKnott/taskcafe::frontend/src/shared/components/Checklist/index.tsx::41_90::LINE_FALLBACK,JordanKnott/taskcafe,frontend/src/shared/components/Checklist/index.tsx,REACT_TS,41,90,50,Styled-components / CSS-in-JS definition
ast::JordanKnott/taskcafe::frontend/src/shared/components/Checklist/index.tsx::81_130::LINE_FALLBACK,JordanKnott/taskcafe,frontend/src/shared/components/Checklist/index.tsx,REACT_TS,81,130,50,Styled-components / CSS-in-JS definition
ast::JordanKnott/taskcafe::frontend/src/shared/components/Checklist/index.tsx::121_170::LINE_FALLBACK,JordanKnott/taskcafe,frontend/src/shared/components/Checklist/index.tsx,REACT_TS,121,170,50,Styled-components / CSS-in-JS definition
ast::JordanKnott/taskcafe::frontend/src/shared/components/Checklist/index.tsx::161_210::LINE_FALLBACK,JordanKnott/taskcafe,frontend/src/shared/components/Checklist/index.tsx,REACT_TS,161,210,50,Styled-components / CSS-in-JS definition
ast::JordanKnott/taskcafe::frontend/src/shared/components/Checklist/index.tsx::201_250::LINE_FALLBACK,JordanKnott/taskcafe,frontend/src/shared/components/Checklist/index.tsx,REACT_TS,201,250,50,Styled-components / CSS-in-JS definition
ast::JordanKnott/taskcafe::frontend/src/shared/components/Checklist/index.tsx::241_290::LINE_FALLBACK,JordanKnott/taskcafe,frontend/src/shared/components/Checklist/index.tsx,REACT_TS,241,290,50,Styled-components / CSS-in-JS definition
ast::JordanKnott/taskcafe::frontend/src/shared/components/Checklist/index.tsx::281_330::LINE_FALLBACK,JordanKnott/taskcafe,frontend/src/shared/components/Checklist/index.tsx,REACT_TS,281,330,50,forwardRef wrapped component
ast::JordanKnott/taskcafe::frontend/src/shared/components/Checklist/index.tsx::321_370::LINE_FALLBACK,JordanKnott/taskcafe,frontend/src/shared/components/Checklist/index.tsx,REACT_TS,321,370,50,Top-level JSX render or non-method component definition
ast::JordanKnott/taskcafe::frontend/src/shared/components/Checklist/index.tsx::361_410::LINE_FALLBACK,JordanKnott/taskcafe,frontend/src/shared/components/Checklist/index.tsx,REACT_TS,361,410,50,Top-level JSX render or non-method component definition
ast::JordanKnott/taskcafe::frontend/src/shared/components/Checklist/index.tsx::401_450::LINE_FALLBACK,JordanKnott/taskcafe,frontend/src/shared/components/Checklist/index.tsx,REACT_TS,401,450,50,TypeScript type or interface declaration
ast::JordanKnott/taskcafe::frontend/src/shared/components/Checklist/index.tsx::441_490::LINE_FALLBACK,JordanKnott/taskcafe,frontend/src/shared/components/Checklist/index.tsx,REACT_TS,441,490,50,forwardRef wrapped component
ast::JordanKnott/taskcafe::frontend/src/shared/components/Checklist/index.tsx::481_530::LINE_FALLBACK,JordanKnott/taskcafe,frontend/src/shared/components/Checklist/index.tsx,REACT_TS,481,530,50,forwardRef wrapped component
ast::JordanKnott/taskcafe::frontend/src/shared/components/Checklist/index.tsx::521_570::LINE_FALLBACK,JordanKnott/taskcafe,frontend/src/shared/components/Checklist/index.tsx,REACT_TS,521,570,50,forwardRef wrapped component
ast::JordanKnott/taskcafe::frontend/src/shared/components/Checklist/index.tsx::561_610::LINE_FALLBACK,JordanKnott/taskcafe,frontend/src/shared/components/Checklist/index.tsx,REACT_TS,561,610,50,Top-level JSX render or non-method component definition
ast::JordanKnott/taskcafe::frontend/src/shared/components/Checklist/index.tsx::601_635::LINE_FALLBACK,JordanKnott/taskcafe,frontend/src/shared/components/Checklist/index.tsx,REACT_TS,601,635,35,Top-level JSX render or non-method component definition
ast::LuckyKuang/springboot-base-project::src/main/java/com/luckykuang/auth/repository/primary/DeptRepository.java::1_13::LINE_FALLBACK,LuckyKuang/springboot-base-project,src/main/java/com/luckykuang/auth/repository/primary/DeptRepository.java,JAVA,1,13,13,Java Interface contract / abstract method signatures
ast::LuckyKuang/springboot-base-project::src/main/java/com/luckykuang/auth/repository/primary/MenuRepository.java::1_30::LINE_FALLBACK,LuckyKuang/springboot-base-project,src/main/java/com/luckykuang/auth/repository/primary/MenuRepository.java,JAVA,1,30,30,Java Interface contract / abstract method signatures
ast::Rapter1990/parkinglot::src/main/java/com/project/parkinglot/config/OpenApiConfig.java::1_35::LINE_FALLBACK,Rapter1990/parkinglot,src/main/java/com/project/parkinglot/config/OpenApiConfig.java,JAVA,1,35,35,Model / DTO / Entity class without method bodies
ast::Rapter1990/parkinglot::src/main/java/com/project/parkinglot/logging/repository/LogRepository.java::1_10::LINE_FALLBACK,Rapter1990/parkinglot,src/main/java/com/project/parkinglot/logging/repository/LogRepository.java,JAVA,1,10,10,Java Interface contract / abstract method signatures
ast::Rapter1990/parkinglot::src/main/java/com/project/parkinglot/repository/PriceListRepository.java::1_10::LINE_FALLBACK,Rapter1990/parkinglot,src/main/java/com/project/parkinglot/repository/PriceListRepository.java,JAVA,1,10,10,Java Interface contract / abstract method signatures
ast::RishiBakshii/mern-chat-app::backend/src/controllers/attachment.controller.ts::1_50::LINE_FALLBACK,RishiBakshii/mern-chat-app,backend/src/controllers/attachment.controller.ts,REACT_TS,1,50,50,Exported constant array / dictionary
ast::RishiBakshii/mern-chat-app::backend/src/controllers/attachment.controller.ts::41_90::LINE_FALLBACK,RishiBakshii/mern-chat-app,backend/src/controllers/attachment.controller.ts,REACT_TS,41,90,50,Top-level JSX render or non-method component definition
ast::RishiBakshii/mern-chat-app::backend/src/controllers/attachment.controller.ts::81_130::LINE_FALLBACK,RishiBakshii/mern-chat-app,backend/src/controllers/attachment.controller.ts,REACT_TS,81,130,50,Top-level JSX render or non-method component definition
ast::RishiBakshii/mern-chat-app::backend/src/controllers/attachment.controller.ts::121_170::LINE_FALLBACK,RishiBakshii/mern-chat-app,backend/src/controllers/attachment.controller.ts,REACT_TS,121,170,50,Exported constant array / dictionary
ast::RishiBakshii/mern-chat-app::backend/src/controllers/attachment.controller.ts::161_190::LINE_FALLBACK,RishiBakshii/mern-chat-app,backend/src/controllers/attachment.controller.ts,REACT_TS,161,190,30,Object literal / configuration constant
ast::RishiBakshii/mern-chat-app::backend/src/controllers/auth.controller.ts::1_50::LINE_FALLBACK,RishiBakshii/mern-chat-app,backend/src/controllers/auth.controller.ts,REACT_TS,1,50,50,TypeScript type or interface declaration
ast::RishiBakshii/mern-chat-app::backend/src/controllers/auth.controller.ts::41_89::LINE_FALLBACK,RishiBakshii/mern-chat-app,backend/src/controllers/auth.controller.ts,REACT_TS,41,89,49,Object literal / configuration constant
ast::RishiBakshii/mern-chat-app::backend/src/controllers/chat.controller.ts::1_50::LINE_FALLBACK,RishiBakshii/mern-chat-app,backend/src/controllers/chat.controller.ts,REACT_TS,1,50,50,TypeScript type or interface declaration
ast::RishiBakshii/mern-chat-app::backend/src/controllers/chat.controller.ts::41_90::LINE_FALLBACK,RishiBakshii/mern-chat-app,backend/src/controllers/chat.controller.ts,REACT_TS,41,90,50,Top-level JSX render or non-method component definition
ast::RishiBakshii/mern-chat-app::backend/src/controllers/chat.controller.ts::81_130::LINE_FALLBACK,RishiBakshii/mern-chat-app,backend/src/controllers/chat.controller.ts,REACT_TS,81,130,50,Top-level JSX render or non-method component definition
ast::RishiBakshii/mern-chat-app::backend/src/controllers/chat.controller.ts::121_170::LINE_FALLBACK,RishiBakshii/mern-chat-app,backend/src/controllers/chat.controller.ts,REACT_TS,121,170,50,Top-level JSX render or non-method component definition
ast::RishiBakshii/mern-chat-app::backend/src/controllers/chat.controller.ts::161_210::LINE_FALLBACK,RishiBakshii/mern-chat-app,backend/src/controllers/chat.controller.ts,REACT_TS,161,210,50,Top-level JSX render or non-method component definition
ast::RishiBakshii/mern-chat-app::backend/src/controllers/chat.controller.ts::201_250::LINE_FALLBACK,RishiBakshii/mern-chat-app,backend/src/controllers/chat.controller.ts,REACT_TS,201,250,50,Top-level JSX render or non-method component definition
ast::RishiBakshii/mern-chat-app::backend/src/controllers/chat.controller.ts::241_290::LINE_FALLBACK,RishiBakshii/mern-chat-app,backend/src/controllers/chat.controller.ts,REACT_TS,241,290,50,Top-level JSX render or non-method component definition
ast::RishiBakshii/mern-chat-app::backend/src/controllers/chat.controller.ts::281_330::LINE_FALLBACK,RishiBakshii/mern-chat-app,backend/src/controllers/chat.controller.ts,REACT_TS,281,330,50,Top-level JSX render or non-method component definition
ast::RishiBakshii/mern-chat-app::backend/src/controllers/chat.controller.ts::321_370::LINE_FALLBACK,RishiBakshii/mern-chat-app,backend/src/controllers/chat.controller.ts,REACT_TS,321,370,50,Top-level JSX render or non-method component definition
ast::RishiBakshii/mern-chat-app::backend/src/controllers/chat.controller.ts::361_410::LINE_FALLBACK,RishiBakshii/mern-chat-app,backend/src/controllers/chat.controller.ts,REACT_TS,361,410,50,Top-level JSX render or non-method component definition
ast::RishiBakshii/mern-chat-app::backend/src/controllers/chat.controller.ts::401_450::LINE_FALLBACK,RishiBakshii/mern-chat-app,backend/src/controllers/chat.controller.ts,REACT_TS,401,450,50,Top-level JSX render or non-method component definition
ast::RishiBakshii/mern-chat-app::backend/src/controllers/chat.controller.ts::441_490::LINE_FALLBACK,RishiBakshii/mern-chat-app,backend/src/controllers/chat.controller.ts,REACT_TS,441,490,50,Object literal / configuration constant
ast::RishiBakshii/mern-chat-app::backend/src/controllers/chat.controller.ts::481_530::LINE_FALLBACK,RishiBakshii/mern-chat-app,backend/src/controllers/chat.controller.ts,REACT_TS,481,530,50,Top-level JSX render or non-method component definition
ast::RishiBakshii/mern-chat-app::backend/src/controllers/chat.controller.ts::521_570::LINE_FALLBACK,RishiBakshii/mern-chat-app,backend/src/controllers/chat.controller.ts,REACT_TS,521,570,50,Object literal / configuration constant
ast::RishiBakshii/mern-chat-app::backend/src/controllers/chat.controller.ts::561_610::LINE_FALLBACK,RishiBakshii/mern-chat-app,backend/src/controllers/chat.controller.ts,REACT_TS,561,610,50,Top-level JSX render or non-method component definition
ast::RishiBakshii/mern-chat-app::backend/src/controllers/chat.controller.ts::601_633::LINE_FALLBACK,RishiBakshii/mern-chat-app,backend/src/controllers/chat.controller.ts,REACT_TS,601,633,33,Object literal / configuration constant
ast::RishiBakshii/mern-chat-app::backend/src/controllers/message.controller.ts::1_50::LINE_FALLBACK,RishiBakshii/mern-chat-app,backend/src/controllers/message.controller.ts,REACT_TS,1,50,50,Exported constant array / dictionary
ast::RishiBakshii/mern-chat-app::backend/src/controllers/message.controller.ts::41_90::LINE_FALLBACK,RishiBakshii/mern-chat-app,backend/src/controllers/message.controller.ts,REACT_TS,41,90,50,Top-level JSX render or non-method component definition
ast::RishiBakshii/mern-chat-app::backend/src/controllers/message.controller.ts::81_115::LINE_FALLBACK,RishiBakshii/mern-chat-app,backend/src/controllers/message.controller.ts,REACT_TS,81,115,35,Object literal / configuration constant
ast::RishiBakshii/mern-chat-app::backend/src/controllers/user.controller.ts::1_50::LINE_FALLBACK,RishiBakshii/mern-chat-app,backend/src/controllers/user.controller.ts,REACT_TS,1,50,50,TypeScript type or interface declaration
ast::RishiBakshii/mern-chat-app::backend/src/controllers/user.controller.ts::41_87::LINE_FALLBACK,RishiBakshii/mern-chat-app,backend/src/controllers/user.controller.ts,REACT_TS,41,87,47,Object literal / configuration constant
ast::alim1496/simple-react-ecommerce::src/components/Cart.tsx::1_50::LINE_FALLBACK,alim1496/simple-react-ecommerce,src/components/Cart.tsx,REACT_TS,1,50,50,Top-level JSX render or non-method component definition
ast::alim1496/simple-react-ecommerce::src/components/Cart.tsx::41_90::LINE_FALLBACK,alim1496/simple-react-ecommerce,src/components/Cart.tsx,REACT_TS,41,90,50,Top-level JSX render or non-method component definition
ast::alim1496/simple-react-ecommerce::src/components/Cart.tsx::81_109::LINE_FALLBACK,alim1496/simple-react-ecommerce,src/components/Cart.tsx,REACT_TS,81,109,29,Top-level JSX render or non-method component definition
ast::boxyhq/saas-starter-kit::components/styles.ts::1_20::LINE_FALLBACK,boxyhq/saas-starter-kit,components/styles.ts,REACT_TS,1,20,20,Object literal / configuration constant
ast::devdcores/BookStoreApp-Distributed-Application::bookstore-account-service/src/main/java/com/devd/spring/bookstoreaccountservice/config/AccountServiceConfig.java::1_11::LINE_FALLBACK,devdcores/BookStoreApp-Distributed-Application,bookstore-account-service/src/main/java/com/devd/spring/bookstoreaccountservice/config/AccountServiceConfig.java,JAVA,1,11,11,Model / DTO / Entity class without method bodies
ast::devias-io/material-kit-react::src/components/core/chart.tsx::1_8::LINE_FALLBACK,devias-io/material-kit-react,src/components/core/chart.tsx,REACT_TS,1,8,8,Styled-components / CSS-in-JS definition
ast::f-lab-edu/fast-shoppers::src/main/java/com/fastshoppers/entity/BaseEntity.java::1_48::LINE_FALLBACK,f-lab-edu/fast-shoppers,src/main/java/com/fastshoppers/entity/BaseEntity.java,JAVA,1,48,48,Model / DTO / Entity class without method bodies
ast::f-lab-edu/fast-shoppers::src/main/java/com/fastshoppers/entity/Product.java::1_50::LINE_FALLBACK,f-lab-edu/fast-shoppers,src/main/java/com/fastshoppers/entity/Product.java,JAVA,1,50,50,Top-level class/interface declaration or config
ast::f-lab-edu/fast-shoppers::src/main/java/com/fastshoppers/entity/Product.java::41_62::LINE_FALLBACK,f-lab-edu/fast-shoppers,src/main/java/com/fastshoppers/entity/Product.java,JAVA,41,62,22,Top-level class/interface declaration or config
ast::hoangtien2k3/ecommerce-microservices::auth-service/src/main/java/com/ecommerce/authservice/config/SsoProperties.java::1_49::LINE_FALLBACK,hoangtien2k3/ecommerce-microservices,auth-service/src/main/java/com/ecommerce/authservice/config/SsoProperties.java,JAVA,1,49,49,Model / DTO / Entity class without method bodies
ast::ixartz/SaaS-Boilerplate::src/components/Background.stories.tsx::1_26::LINE_FALLBACK,ixartz/SaaS-Boilerplate,src/components/Background.stories.tsx,REACT_TS,1,26,26,TypeScript type or interface declaration
ast::jhcode33/react-spring-blog-backend::src/main/java/jhcode/blog/repository/FileRepository.java::1_8::LINE_FALLBACK,jhcode33/react-spring-blog-backend,src/main/java/jhcode/blog/repository/FileRepository.java,JAVA,1,8,8,Java Interface contract / abstract method signatures
ast::kevinshen56714/SkyOffice::client/src/stores/ChatStore.ts::1_50::LINE_FALLBACK,kevinshen56714/SkyOffice,client/src/stores/ChatStore.ts,REACT_TS,1,50,50,Redux Toolkit slice / store definition
ast::kevinshen56714/SkyOffice::client/src/stores/ChatStore.ts::41_65::LINE_FALLBACK,kevinshen56714/SkyOffice,client/src/stores/ChatStore.ts,REACT_TS,41,65,25,Exported constant array / dictionary
ast::krkarma777/online-store::src/main/java/com/bulkpurchase/domain/repository/GlobalDiscountRepository.java::1_10::LINE_FALLBACK,krkarma777/online-store,src/main/java/com/bulkpurchase/domain/repository/GlobalDiscountRepository.java,JAVA,1,10,10,Java Interface contract / abstract method signatures
ast::mdtalalwasim/blog-application-spring-boot-rest-api::blog-application-springboot-rest-apis/src/main/java/com/mdtalalwasim/blog/app/config/ApplicationConstants.java::1_16::LINE_FALLBACK,mdtalalwasim/blog-application-spring-boot-rest-api,blog-application-springboot-rest-apis/src/main/java/com/mdtalalwasim/blog/app/config/ApplicationConstants.java,JAVA,1,16,16,Model / DTO / Entity class without method bodies
ast::mdtalalwasim/blog-application-spring-boot-rest-api::blog-application-springboot-rest-apis/src/main/java/com/mdtalalwasim/blog/app/controller/FileRestController.java::1_12::LINE_FALLBACK,mdtalalwasim/blog-application-spring-boot-rest-api,blog-application-springboot-rest-apis/src/main/java/com/mdtalalwasim/blog/app/controller/FileRestController.java,JAVA,1,12,12,Model / DTO / Entity class without method bodies
ast::mdtalalwasim/blog-application-spring-boot-rest-api::blog-application-springboot-rest-apis/src/main/java/com/mdtalalwasim/blog/app/entity/Category.java::1_43::LINE_FALLBACK,mdtalalwasim/blog-application-spring-boot-rest-api,blog-application-springboot-rest-apis/src/main/java/com/mdtalalwasim/blog/app/entity/Category.java,JAVA,1,43,43,Model / DTO / Entity class without method bodies
ast::no2ehi/full-amazon-clone::components/Footer.tsx::1_50::LINE_FALLBACK,no2ehi/full-amazon-clone,components/Footer.tsx,REACT_TS,1,50,50,Top-level JSX render or non-method component definition
ast::no2ehi/full-amazon-clone::components/Footer.tsx::41_90::LINE_FALLBACK,no2ehi/full-amazon-clone,components/Footer.tsx,REACT_TS,41,90,50,Top-level JSX render or non-method component definition
ast::no2ehi/full-amazon-clone::components/Footer.tsx::81_130::LINE_FALLBACK,no2ehi/full-amazon-clone,components/Footer.tsx,REACT_TS,81,130,50,Top-level JSX render or non-method component definition
ast::no2ehi/full-amazon-clone::components/Footer.tsx::121_170::LINE_FALLBACK,no2ehi/full-amazon-clone,components/Footer.tsx,REACT_TS,121,170,50,Top-level JSX render or non-method component definition
ast::no2ehi/full-amazon-clone::components/Footer.tsx::161_210::LINE_FALLBACK,no2ehi/full-amazon-clone,components/Footer.tsx,REACT_TS,161,210,50,Top-level JSX render or non-method component definition
ast::no2ehi/full-amazon-clone::components/Footer.tsx::201_245::LINE_FALLBACK,no2ehi/full-amazon-clone,components/Footer.tsx,REACT_TS,201,245,45,Export default expression / object / identifier
ast::rimmelasghar/SpringBoot-boilerPlate::src/main/java/com/rimmelasghar/boilerplate/springboot/exceptions/ApiExceptionResponse.java::1_24::LINE_FALLBACK,rimmelasghar/SpringBoot-boilerPlate,src/main/java/com/rimmelasghar/boilerplate/springboot/exceptions/ApiExceptionResponse.java,JAVA,1,24,24,Model / DTO / Entity class without method bodies
ast::rocketbase-io/commons-auth::commons-auth-api/src/main/java/io/rocketbase/commons/dto/appinvite/AppInviteRead.java::1_45::LINE_FALLBACK,rocketbase-io/commons-auth,commons-auth-api/src/main/java/io/rocketbase/commons/dto/appinvite/AppInviteRead.java,JAVA,1,45,45,Model / DTO / Entity class without method bodies
