repo_name,file_path,category,total_lines,chunk_count,is_fallback,chunk_types
Angel-Concha-Layme/Fake-Store-API,src/main/java/com/fakestore/api/dto/OrderDTO.java,JAVA,12,1,True,LINE_FALLBACK
Angel-Raa/spring-security-jwt-authentication-and-authorization,src/main/java/com/github/angel/raa/modules/controller/AuthenticationController.java,JAVA,63,4,False,AST_METHOD
Angel-Raa/spring-security-jwt-authentication-and-authorization,src/main/java/com/github/angel/raa/modules/persistence/repository/CategoryRepository.java,JAVA,6,1,True,LINE_FALLBACK
Angel-Raa/spring-security-jwt-authentication-and-authorization,src/main/java/com/github/angel/raa/modules/persistence/repository/ProductRepository.java,JAVA,6,1,True,LINE_FALLBACK
Blazity/next-enterprise,app/page.tsx,REACT_TS,66,1,False,AST_FUNCTION
Blazity/next-enterprise,components/Button/Button.test.tsx,REACT_TS,32,1,True,LINE_FALLBACK
Blazity/next-enterprise,components/Tooltip/Tooltip.tsx,REACT_TS,75,1,False,AST_FUNCTION
Blazity/next-enterprise,lp-items.tsx,REACT_TS,416,11,True,LINE_FALLBACK
Blazity/next-enterprise,next.config.ts,REACT_TS,21,1,True,LINE_FALLBACK
Blazity/next-enterprise,playwright.config.ts,REACT_TS,77,2,True,LINE_FALLBACK
Blazity/next-enterprise,report-bundle-size.js,REACT_TS,133,4,False,AST_FUNCTION
DevlinRocha/banter,src/components/Members.tsx,REACT_TS,359,9,True,LINE_FALLBACK
DevlinRocha/banter,src/components/addServer/AddServer.tsx,REACT_TS,26,1,False,AST_FUNCTION
DevlinRocha/banter,src/components/addServer/CreateServer.tsx,REACT_TS,123,1,False,AST_FUNCTION
HalseySpicy/Hooks-Admin,src/api/helper/axiosCancel.ts,REACT_TS,62,5,False,AST_ARROW_FUNCTION; AST_METHOD
HalseySpicy/Hooks-Admin,src/api/helper/checkStatus.ts,REACT_TS,43,1,False,AST_ARROW_FUNCTION
HalseySpicy/Hooks-Admin,src/api/index.ts,REACT_TS,105,5,False,AST_METHOD
HalseySpicy/Hooks-Admin,src/components/ErrorMessage/404.tsx,REACT_TS,25,1,False,AST_ARROW_FUNCTION
HalseySpicy/Hooks-Admin,src/components/Loading/index.tsx,REACT_TS,8,1,False,AST_ARROW_FUNCTION
Instagram-Clone-Coding/Spring_instagram-clone,src/main/java/cloneproject/Instagram/domain/alarm/controller/AlarmController.java,JAVA,50,1,False,AST_METHOD
Instagram-Clone-Coding/Spring_instagram-clone,src/main/java/cloneproject/Instagram/domain/alarm/service/AlarmService.java,JAVA,206,14,False,AST_METHOD
JordanKnott/taskcafe,frontend/src/shared/components/AddList/Styles.ts,REACT_TS,112,3,True,LINE_FALLBACK
JordanKnott/taskcafe,frontend/src/shared/components/Admin/index.tsx,REACT_TS,714,18,True,LINE_FALLBACK
JordanKnott/taskcafe,frontend/src/shared/components/Button/index.tsx,REACT_TS,250,6,True,LINE_FALLBACK
JordanKnott/taskcafe,frontend/src/shared/components/CardComposer/Styles.ts,REACT_TS,34,1,True,LINE_FALLBACK
JordanKnott/taskcafe,frontend/src/shared/components/CardComposer/index.tsx,REACT_TS,82,1,False,AST_ARROW_FUNCTION
JordanKnott/taskcafe,frontend/src/shared/components/Checklist/index.tsx,REACT_TS,635,16,True,LINE_FALLBACK
LuckyKuang/springboot-base-project,src/main/java/com/luckykuang/auth/exception/DefaultExceptionHandler.java,JAVA,137,9,False,AST_METHOD
LuckyKuang/springboot-base-project,src/main/java/com/luckykuang/auth/repository/primary/DeptRepository.java,JAVA,13,1,True,LINE_FALLBACK
LuckyKuang/springboot-base-project,src/main/java/com/luckykuang/auth/repository/primary/MenuRepository.java,JAVA,30,1,True,LINE_FALLBACK
LuckyKuang/springboot-base-project,src/main/java/com/luckykuang/auth/service/impl/RoleServiceImpl.java,JAVA,104,7,False,AST_METHOD
Rapter1990/parkinglot,src/main/java/com/project/parkinglot/config/OpenApiConfig.java,JAVA,35,1,True,LINE_FALLBACK
Rapter1990/parkinglot,src/main/java/com/project/parkinglot/controller/ParkController.java,JAVA,85,2,False,AST_METHOD
Rapter1990/parkinglot,src/main/java/com/project/parkinglot/logging/repository/LogRepository.java,JAVA,10,1,True,LINE_FALLBACK
Rapter1990/parkinglot,src/main/java/com/project/parkinglot/logging/service/impl/LogServiceImpl.java,JAVA,32,1,False,AST_METHOD
Rapter1990/parkinglot,src/main/java/com/project/parkinglot/payload/response/CustomPageResponse.java,JAVA,45,1,False,AST_METHOD
Rapter1990/parkinglot,src/main/java/com/project/parkinglot/repository/PriceListRepository.java,JAVA,10,1,True,LINE_FALLBACK
RishiBakshii/mern-chat-app,backend/src/controllers/attachment.controller.ts,REACT_TS,190,5,True,LINE_FALLBACK
RishiBakshii/mern-chat-app,backend/src/controllers/auth.controller.ts,REACT_TS,89,2,True,LINE_FALLBACK
RishiBakshii/mern-chat-app,backend/src/controllers/chat.controller.ts,REACT_TS,633,16,True,LINE_FALLBACK
RishiBakshii/mern-chat-app,backend/src/controllers/message.controller.ts,REACT_TS,115,3,True,LINE_FALLBACK
RishiBakshii/mern-chat-app,backend/src/controllers/user.controller.ts,REACT_TS,87,2,True,LINE_FALLBACK
RishiBakshii/mern-chat-app,next-js-frontend/src/app/auth/forgot-password/page.tsx,REACT_TS,56,1,False,AST_ARROW_FUNCTION
RishiBakshii/mern-chat-app,next-js-frontend/src/app/auth/login/page.tsx,REACT_TS,51,1,False,AST_FUNCTION
RishiBakshii/mern-chat-app,next-js-frontend/src/app/auth/reset-password/page.tsx,REACT_TS,68,2,False,AST_FUNCTION
SaiUpadhyayula/spring-reddit-clone,src/main/java/com/programming/techie/springredditclone/controller/AuthController.java,JAVA,52,5,False,AST_METHOD
SaiUpadhyayula/spring-reddit-clone,src/main/java/com/programming/techie/springredditclone/controller/PostController.java,JAVA,47,5,False,AST_METHOD
Snailclimb/spring-security-jwt-guide,src/main/java/github/javaguide/springsecurityjwtguide/security/exception/JwtAccessDeniedHandler.java,JAVA,24,1,False,AST_METHOD
Snailclimb/spring-security-jwt-guide,src/main/java/github/javaguide/springsecurityjwtguide/security/service/AuthService.java,JAVA,77,2,False,AST_METHOD
Snouzy/workout-cool,app/api/analytics/premium/route.ts,REACT_TS,79,1,False,AST_FUNCTION
Snouzy/workout-cool,app/api/billing/status/route.ts,REACT_TS,58,1,False,AST_FUNCTION
Snouzy/workout-cool,app/api/exercises/[exerciseId]/statistics/route.ts,REACT_TS,92,1,False,AST_FUNCTION
Snouzy/workout-cool,app/api/exercises/route.ts,REACT_TS,36,1,False,AST_FUNCTION
Snouzy/workout-cool,app/api/premium/checkout/route.ts,REACT_TS,37,1,False,AST_FUNCTION
Snouzy/workout-cool,app/api/premium/plans/route.ts,REACT_TS,250,2,False,AST_FUNCTION
ZahraMirzaei/online-shop,components/Benefits/index.tsx,REACT_TS,33,1,False,AST_ARROW_FUNCTION
ZahraMirzaei/online-shop,components/banners/banner-box/BannerBox.tsx,REACT_TS,59,1,False,AST_ARROW_FUNCTION
ZahraMirzaei/online-shop,components/banners/index.tsx,REACT_TS,42,1,False,AST_ARROW_FUNCTION
ZahraMirzaei/online-shop,components/brands/BrandBox.tsx,REACT_TS,17,1,False,AST_ARROW_FUNCTION
ZahraMirzaei/online-shop,components/brands/index.tsx,REACT_TS,58,1,False,AST_ARROW_FUNCTION
ZahraMirzaei/online-shop,components/carousel/Arrows.tsx,REACT_TS,38,2,False,AST_ARROW_FUNCTION
ZahraMirzaei/online-shop,components/carousel/Slide.tsx,REACT_TS,40,1,False,AST_ARROW_FUNCTION
ZahraMirzaei/online-shop,components/carousel/index.tsx,REACT_TS,46,1,False,AST_ARROW_FUNCTION
ZahraMirzaei/online-shop,components/cart/CartItem.tsx,REACT_TS,111,1,False,AST_ARROW_FUNCTION
ZahraMirzaei/online-shop,components/cart/CartList.tsx,REACT_TS,23,1,False,AST_ARROW_FUNCTION
adrianhajdin/social_media_app,src/components/forms/PostForm.tsx,REACT_TS,176,1,False,AST_ARROW_FUNCTION
adrianhajdin/social_media_app,src/components/shared/GridPostList.tsx,REACT_TS,54,1,False,AST_ARROW_FUNCTION
adrianhajdin/social_media_app,src/components/shared/PostStats.tsx,REACT_TS,107,1,False,AST_ARROW_FUNCTION
adrianhajdin/social_media_app,src/components/shared/ProfileUploader.tsx,REACT_TS,49,1,False,AST_ARROW_FUNCTION
al1abb/invoify,app/api/invoice/send/route.ts,REACT_TS,40,1,False,AST_FUNCTION
al1abb/invoify,app/api/invoice/warm/route.ts,REACT_TS,48,1,False,AST_FUNCTION
al1abb/invoify,app/components/dev/DevDebug.tsx,REACT_TS,54,1,False,AST_ARROW_FUNCTION
al1abb/invoify,app/components/invoice/InvoiceActions.tsx,REACT_TS,240,1,False,AST_ARROW_FUNCTION
al1abb/invoify,app/components/invoice/InvoiceForm.tsx,REACT_TS,138,1,False,AST_ARROW_FUNCTION
al1abb/invoify,app/components/invoice/InvoiceMain.tsx,REACT_TS,90,1,False,AST_ARROW_FUNCTION
al1abb/invoify,app/components/invoice/actions/MobilePreviewSheet.tsx,REACT_TS,55,1,False,AST_ARROW_FUNCTION
al1abb/invoify,app/components/invoice/actions/PdfViewer.tsx,REACT_TS,67,2,False,AST_ARROW_FUNCTION
al1abb/invoify,app/components/invoice/form/Charges.tsx,REACT_TS,183,1,False,AST_ARROW_FUNCTION
al1abb/invoify,app/components/invoice/form/PartyPicker.tsx,REACT_TS,234,1,False,AST_ARROW_FUNCTION
alim1496/simple-react-ecommerce,src/components/Banner.tsx,REACT_TS,21,1,False,AST_ARROW_FUNCTION
alim1496/simple-react-ecommerce,src/components/BannerPopup.tsx,REACT_TS,37,1,False,AST_ARROW_FUNCTION
alim1496/simple-react-ecommerce,src/components/Cart.tsx,REACT_TS,109,3,True,LINE_FALLBACK
alim1496/simple-react-ecommerce,src/components/CartRow.tsx,REACT_TS,83,1,False,AST_ARROW_FUNCTION
alim1496/simple-react-ecommerce,src/components/CustomPopup.tsx,REACT_TS,88,1,False,AST_ARROW_FUNCTION
alim1496/simple-react-ecommerce,src/components/FeatureCard.tsx,REACT_TS,14,1,False,AST_ARROW_FUNCTION
alim1496/simple-react-ecommerce,src/components/Features.tsx,REACT_TS,43,1,False,AST_ARROW_FUNCTION
alim1496/simple-react-ecommerce,src/components/Footer.tsx,REACT_TS,18,1,False,AST_ARROW_FUNCTION
boxyhq/saas-starter-kit,components/account/UpdateName.tsx,REACT_TS,88,1,False,AST_ARROW_FUNCTION
boxyhq/saas-starter-kit,components/account/UpdatePassword.tsx,REACT_TS,106,1,False,AST_ARROW_FUNCTION
boxyhq/saas-starter-kit,components/account/UpdateTheme.tsx,REACT_TS,55,1,False,AST_ARROW_FUNCTION
boxyhq/saas-starter-kit,components/apiKey/APIKeys.tsx,REACT_TS,135,1,False,AST_ARROW_FUNCTION
boxyhq/saas-starter-kit,components/apiKey/APIKeysContainer.tsx,REACT_TS,33,1,False,AST_ARROW_FUNCTION
boxyhq/saas-starter-kit,components/auth/AgreeMessage.tsx,REACT_TS,31,1,False,AST_ARROW_FUNCTION
boxyhq/saas-starter-kit,components/styles.ts,REACT_TS,20,1,True,LINE_FALLBACK
devdcores/BookStoreApp-Distributed-Application,bookstore-account-service/src/main/java/com/devd/spring/bookstoreaccountservice/config/AccountServiceConfig.java,JAVA,11,1,True,LINE_FALLBACK
devdcores/BookStoreApp-Distributed-Application,bookstore-account-service/src/main/java/com/devd/spring/bookstoreaccountservice/config/AuthForwardInterceptor.java,JAVA,29,1,False,AST_METHOD
devdcores/BookStoreApp-Distributed-Application,bookstore-account-service/src/main/java/com/devd/spring/bookstoreaccountservice/config/AuthorizationServerConfig.java,JAVA,153,9,False,AST_METHOD
devias-io/material-kit-react,src/components/auth/layout.tsx,REACT_TS,68,1,False,AST_FUNCTION
devias-io/material-kit-react,src/components/auth/reset-password-form.tsx,REACT_TS,77,1,False,AST_FUNCTION
devias-io/material-kit-react,src/components/core/chart.tsx,REACT_TS,8,1,True,LINE_FALLBACK
devias-io/material-kit-react,src/components/core/logo.tsx,REACT_TS,56,2,False,AST_FUNCTION
devias-io/material-kit-react,src/components/core/theme-provider/theme-provider.tsx,REACT_TS,28,1,False,AST_FUNCTION
f-lab-edu/fast-shoppers,src/main/java/com/fastshoppers/entity/BaseEntity.java,JAVA,48,1,True,LINE_FALLBACK
f-lab-edu/fast-shoppers,src/main/java/com/fastshoppers/entity/Product.java,JAVA,62,2,True,LINE_FALLBACK
f-lab-edu/fast-shoppers,src/main/java/com/fastshoppers/exception/handler/GlobalExceptionHandler.java,JAVA,54,3,False,AST_CONSTRUCTOR; AST_METHOD
f-lab-edu/fast-shoppers,src/main/java/com/fastshoppers/util/PasswordEncryptionUtil.java,JAVA,31,1,False,AST_METHOD
hoangtien2k3/ecommerce-microservices,auth-service/src/main/java/com/ecommerce/authservice/config/SecurityConfig.java,JAVA,42,1,False,AST_METHOD
hoangtien2k3/ecommerce-microservices,auth-service/src/main/java/com/ecommerce/authservice/config/SsoProperties.java,JAVA,49,1,True,LINE_FALLBACK
hoangtien2k3/ecommerce-microservices,auth-service/src/main/java/com/ecommerce/authservice/controller/AuthController.java,JAVA,137,9,False,AST_METHOD
hoangtien2k3/ecommerce-microservices,auth-service/src/main/java/com/ecommerce/authservice/controller/RoleController.java,JAVA,58,3,False,AST_METHOD
huseynovvusal/spring-blog-api,src/main/java/com/huseynovvusal/springblogapi/config/OpenAPIConfiguration.java,JAVA,41,1,False,AST_METHOD
huseynovvusal/spring-blog-api,src/main/java/com/huseynovvusal/springblogapi/config/SecurityConfig.java,JAVA,123,6,False,AST_METHOD
huseynovvusal/spring-blog-api,src/main/java/com/huseynovvusal/springblogapi/controller/AuthenticationController.java,JAVA,130,5,False,AST_METHOD
ixartz/SaaS-Boilerplate,src/components/Background.stories.tsx,REACT_TS,26,1,True,LINE_FALLBACK
ixartz/SaaS-Boilerplate,src/components/DemoBadge.tsx,REACT_TS,15,1,False,AST_ARROW_FUNCTION
ixartz/SaaS-Boilerplate,src/components/ui/accordion.tsx,REACT_TS,83,4,False,AST_FUNCTION
jhcode33/react-spring-blog-backend,src/main/java/jhcode/blog/controller/BoardController.java,JAVA,81,6,False,AST_METHOD
jhcode33/react-spring-blog-backend,src/main/java/jhcode/blog/controller/MemberController.java,JAVA,59,5,False,AST_METHOD
jhcode33/react-spring-blog-backend,src/main/java/jhcode/blog/repository/FileRepository.java,JAVA,8,1,True,LINE_FALLBACK
jhcode33/react-spring-blog-backend,src/main/java/jhcode/blog/service/BoardService.java,JAVA,92,6,False,AST_METHOD
jhcode33/react-spring-blog-backend,src/main/java/jhcode/blog/service/CommentService.java,JAVA,68,4,False,AST_METHOD
kevinshen56714/SkyOffice,client/src/components/ComputerDialog.tsx,REACT_TS,131,2,False,AST_FUNCTION
kevinshen56714/SkyOffice,client/src/components/CreateRoomForm.tsx,REACT_TS,105,1,False,AST_ARROW_FUNCTION
kevinshen56714/SkyOffice,client/src/components/CustomRoomTable.tsx,REACT_TS,224,1,False,AST_ARROW_FUNCTION
kevinshen56714/SkyOffice,client/src/components/Joystick.tsx,REACT_TS,85,2,False,AST_ARROW_FUNCTION
kevinshen56714/SkyOffice,client/src/components/VideoConnectionDialog.tsx,REACT_TS,55,1,False,AST_FUNCTION
kevinshen56714/SkyOffice,client/src/hooks.ts,REACT_TS,6,1,False,AST_ARROW_FUNCTION
kevinshen56714/SkyOffice,client/src/stores/ChatStore.ts,REACT_TS,65,2,True,LINE_FALLBACK
krkarma777/online-store,src/main/java/com/bulkpurchase/domain/enums/ErrorPage.java,JAVA,34,4,False,AST_CONSTRUCTOR; AST_METHOD
krkarma777/online-store,src/main/java/com/bulkpurchase/domain/repository/GlobalDiscountRepository.java,JAVA,10,1,True,LINE_FALLBACK
krkarma777/online-store,src/main/java/com/bulkpurchase/domain/repository/review/ReviewRepository.java,JAVA,53,8,False,AST_METHOD
krkarma777/online-store,src/main/java/com/bulkpurchase/domain/service/AdminDashboardService.java,JAVA,68,6,False,AST_METHOD
mdtalalwasim/blog-application-spring-boot-rest-api,blog-application-springboot-rest-apis/src/main/java/com/mdtalalwasim/blog/app/BlogApplicationSpringbootRestApisApplication.java,JAVA,78,4,False,AST_CONSTRUCTOR; AST_METHOD
mdtalalwasim/blog-application-spring-boot-rest-api,blog-application-springboot-rest-apis/src/main/java/com/mdtalalwasim/blog/app/config/ApplicationConstants.java,JAVA,16,1,True,LINE_FALLBACK
mdtalalwasim/blog-application-spring-boot-rest-api,blog-application-springboot-rest-apis/src/main/java/com/mdtalalwasim/blog/app/config/SwaggerConfig.java,JAVA,27,1,False,AST_METHOD
mdtalalwasim/blog-application-spring-boot-rest-api,blog-application-springboot-rest-apis/src/main/java/com/mdtalalwasim/blog/app/controller/AuthRestController.java,JAVA,91,3,False,AST_METHOD
mdtalalwasim/blog-application-spring-boot-rest-api,blog-application-springboot-rest-apis/src/main/java/com/mdtalalwasim/blog/app/controller/CategoryRestController.java,JAVA,74,5,False,AST_METHOD
mdtalalwasim/blog-application-spring-boot-rest-api,blog-application-springboot-rest-apis/src/main/java/com/mdtalalwasim/blog/app/controller/CommentController.java,JAVA,48,2,False,AST_METHOD
mdtalalwasim/blog-application-spring-boot-rest-api,blog-application-springboot-rest-apis/src/main/java/com/mdtalalwasim/blog/app/controller/FileRestController.java,JAVA,12,1,True,LINE_FALLBACK
mdtalalwasim/blog-application-spring-boot-rest-api,blog-application-springboot-rest-apis/src/main/java/com/mdtalalwasim/blog/app/controller/PostRestController.java,JAVA,171,11,False,AST_METHOD
mdtalalwasim/blog-application-spring-boot-rest-api,blog-application-springboot-rest-apis/src/main/java/com/mdtalalwasim/blog/app/controller/UserRestController.java,JAVA,84,5,False,AST_METHOD
mdtalalwasim/blog-application-spring-boot-rest-api,blog-application-springboot-rest-apis/src/main/java/com/mdtalalwasim/blog/app/entity/Category.java,JAVA,43,1,True,LINE_FALLBACK
mewebstudio/java-spring-boot-boilerplate,src/main/java/com/mewebstudio/javaspringbootboilerplate/controller/AbstractBaseController.java,JAVA,23,1,False,AST_METHOD
mewebstudio/java-spring-boot-boilerplate,src/main/java/com/mewebstudio/javaspringbootboilerplate/controller/AccountController.java,JAVA,146,3,False,AST_METHOD
no2ehi/full-amazon-clone,components/Footer.tsx,REACT_TS,245,6,True,LINE_FALLBACK
no2ehi/full-amazon-clone,components/admin/categories/CreateCategory.tsx,REACT_TS,61,1,False,AST_ARROW_FUNCTION
no2ehi/full-amazon-clone,components/admin/product/CreateProduct.tsx,REACT_TS,310,1,False,AST_ARROW_FUNCTION
osopromadze/Spring-Boot-Blog-REST-API,src/main/java/com/sopromadze/blogapi/BlogApiApplication.java,JAVA,38,4,False,AST_METHOD
osopromadze/Spring-Boot-Blog-REST-API,src/main/java/com/sopromadze/blogapi/config/AuditingConfig.java,JAVA,38,2,False,AST_METHOD
osopromadze/Spring-Boot-Blog-REST-API,src/main/java/com/sopromadze/blogapi/config/SecutiryConfig.java,JAVA,76,5,False,AST_CONSTRUCTOR; AST_METHOD
osopromadze/Spring-Boot-Blog-REST-API,src/main/java/com/sopromadze/blogapi/controller/AlbumController.java,JAVA,90,7,False,AST_METHOD
rene-kt/spring-restapi-ecommerce,src/main/java/com/rene/ecommerce/services/AuthService.java,JAVA,105,5,False,AST_METHOD
rimmelasghar/SpringBoot-boilerPlate,src/main/java/com/rimmelasghar/boilerplate/springboot/controller/RegistrationController.java,JAVA,30,1,False,AST_METHOD
rimmelasghar/SpringBoot-boilerPlate,src/main/java/com/rimmelasghar/boilerplate/springboot/exceptions/ApiExceptionResponse.java,JAVA,24,1,True,LINE_FALLBACK
robbins23/admin-dashboard-nextjs-typescript-daisyui-template,src/components/cards/plain-card.tsx,REACT_TS,18,1,False,AST_FUNCTION
robbins23/admin-dashboard-nextjs-typescript-daisyui-template,src/components/cards/title-card.tsx,REACT_TS,36,1,False,AST_FUNCTION
robbins23/admin-dashboard-nextjs-typescript-daisyui-template,src/components/input/select-color.tsx,REACT_TS,77,1,False,AST_ARROW_FUNCTION
robbins23/admin-dashboard-nextjs-typescript-daisyui-template,src/components/input/text-area.tsx,REACT_TS,44,1,False,AST_FUNCTION
robbins23/admin-dashboard-nextjs-typescript-daisyui-template,src/components/typography/error-text.tsx,REACT_TS,14,1,False,AST_FUNCTION
rocketbase-io/commons-auth,commons-auth-adapter/src/main/java/io/rocketbase/commons/handler/LoginSuccessCookieHandler.java,JAVA,37,1,False,AST_METHOD
rocketbase-io/commons-auth,commons-auth-api/src/main/java/io/rocketbase/commons/convert/QueryAppUserConverter.java,JAVA,41,2,False,AST_METHOD
rocketbase-io/commons-auth,commons-auth-api/src/main/java/io/rocketbase/commons/dto/appinvite/AppInviteRead.java,JAVA,45,1,True,LINE_FALLBACK
sosow0212/community,src/main/java/yoon/community/config/auth/CustomUserDetailsService.java,JAVA,42,2,False,AST_METHOD
sosow0212/community,src/main/java/yoon/community/controller/board/BoardController.java,JAVA,107,10,False,AST_CONSTRUCTOR; AST_METHOD
sosow0212/community,src/main/java/yoon/community/controller/category/CategoryController.java,JAVA,62,5,False,AST_CONSTRUCTOR; AST_METHOD
sudeepmahato16/movie-app,src/hooks/useMotion.ts,REACT_TS,149,1,False,AST_ARROW_FUNCTION
sudeepmahato16/movie-app,src/pages/Catalog/components/Search.tsx,REACT_TS,42,1,False,AST_ARROW_FUNCTION
sudeepmahato16/movie-app,src/pages/Catalog/index.tsx,REACT_TS,95,1,False,AST_ARROW_FUNCTION
sudeepmahato16/movie-app,src/pages/Detail/components/Casts.tsx,REACT_TS,68,1,False,AST_ARROW_FUNCTION
sudeepmahato16/movie-app,src/pages/Detail/components/Videos.tsx,REACT_TS,45,1,False,AST_ARROW_FUNCTION
sudeepmahato16/movie-app,src/pages/Detail/index.tsx,REACT_TS,130,1,False,AST_ARROW_FUNCTION
sudeepmahato16/movie-app,src/pages/Home/components/Hero.tsx,REACT_TS,57,1,False,AST_ARROW_FUNCTION
sudeepmahato16/movie-app,src/pages/Home/index.tsx,REACT_TS,38,1,False,AST_ARROW_FUNCTION
sylvaincodes/youtube_ecommerce,components/modules/custom/CategoriesAccordion.tsx,REACT_TS,83,1,False,AST_FUNCTION
sylvaincodes/youtube_ecommerce,components/modules/custom/Col.tsx,REACT_TS,13,1,False,AST_FUNCTION
sylvaincodes/youtube_ecommerce,components/modules/custom/Container.tsx,REACT_TS,11,1,False,AST_FUNCTION
sylvaincodes/youtube_ecommerce,components/modules/custom/Currency.tsx,REACT_TS,32,1,False,AST_FUNCTION
vercel/commerce,components/carousel.tsx,REACT_TS,45,1,False,AST_FUNCTION
vercel/commerce,components/cart/actions.ts,REACT_TS,106,5,False,AST_FUNCTION
vercel/commerce,components/logo-square.tsx,REACT_TS,23,1,False,AST_FUNCTION
vercel/commerce,components/opengraph-image.tsx,REACT_TS,45,1,False,AST_FUNCTION
vercel/commerce,components/price.tsx,REACT_TS,26,1,False,AST_ARROW_FUNCTION
vercel/commerce,components/prose.tsx,REACT_TS,15,1,False,AST_ARROW_FUNCTION
vercel/commerce,components/welcome-toast.tsx,REACT_TS,36,1,False,AST_FUNCTION
w3labkr/nextjs14-supabase-blog,app/api/auth/callback/route.ts,REACT_TS,45,1,False,AST_FUNCTION
w3labkr/nextjs14-supabase-blog,app/api/auth/confirm/route.ts,REACT_TS,50,1,False,AST_FUNCTION
w3labkr/nextjs14-supabase-blog,app/api/v1/email/list/route.ts,REACT_TS,30,1,False,AST_FUNCTION
w3labkr/nextjs14-supabase-blog,app/api/v1/email/route.ts,REACT_TS,107,3,False,AST_FUNCTION
w3labkr/nextjs14-supabase-blog,app/api/v1/email/verify/route.ts,REACT_TS,72,3,False,AST_FUNCTION
