repo_name,url,language,commit_sha,license,expected_file_count,found_file_count,files_list,local_path
Angel-Concha-Layme/Fake-Store-API,https://github.com/Angel-Concha-Layme/Fake-Store-API,Java,6dac9e31aaf86dea2e9d3147b07911838bf8bcbd,Not specified (Public GitHub),1,1,src/main/java/com/fakestore/api/dto/OrderDTO.java,ai-engine/temp_repos/Angel-Concha-Layme__Fake-Store-API
Angel-Raa/spring-security-jwt-authentication-and-authorization,https://github.com/Angel-Raa/spring-security-jwt-authentication-and-authorization,Java,f6670a91711b6852123fa9b98c6b81a0b3d6b7a7,Not specified (Public GitHub),3,3,src/main/java/com/github/angel/raa/modules/controller/AuthenticationController.java; src/main/java/com/github/angel/raa/modules/persistence/repository/CategoryRepository.java; src/main/java/com/github/angel/raa/modules/persistence/repository/ProductRepository.java,ai-engine/temp_repos/Angel-Raa__spring-security-jwt-authentication-and-authorization
Blazity/next-enterprise,https://github.com/Blazity/next-enterprise,TypeScript,97c4f3ed6be0a5b255d0e71606c7b355138281a9,MIT,7,7,app/page.tsx; components/Button/Button.test.tsx; components/Tooltip/Tooltip.tsx; lp-items.tsx; next.config.ts; playwright.config.ts; report-bundle-size.js,ai-engine/temp_repos/Blazity__next-enterprise
DevlinRocha/banter,https://github.com/DevlinRocha/banter,TypeScript,e736ee218f0562eeea628a0a197514c1b8f2f638,MIT,3,3,src/components/Members.tsx; src/components/addServer/AddServer.tsx; src/components/addServer/CreateServer.tsx,ai-engine/temp_repos/DevlinRocha__banter
HalseySpicy/Hooks-Admin,https://github.com/HalseySpicy/Hooks-Admin,TypeScript,0f0735266b71ca70d619d6ccb47e9a988d992034,MIT,5,5,src/api/helper/axiosCancel.ts; src/api/helper/checkStatus.ts; src/api/index.ts; src/components/ErrorMessage/404.tsx; src/components/Loading/index.tsx,ai-engine/temp_repos/HalseySpicy__Hooks-Admin
Instagram-Clone-Coding/Spring_instagram-clone,https://github.com/Instagram-Clone-Coding/Spring_instagram-clone,Java,014a9e7d07ee613f462e85b290fb886024f06c08,MIT,2,2,src/main/java/cloneproject/Instagram/domain/alarm/controller/AlarmController.java; src/main/java/cloneproject/Instagram/domain/alarm/service/AlarmService.java,ai-engine/temp_repos/Instagram-Clone-Coding__Spring_instagram-clone
JordanKnott/taskcafe,https://github.com/JordanKnott/taskcafe,TypeScript,998db2a5da497a7902198a728ddc040fcacbacd6,MIT,6,6,frontend/src/shared/components/AddList/Styles.ts; frontend/src/shared/components/Admin/index.tsx; frontend/src/shared/components/Button/index.tsx; frontend/src/shared/components/CardComposer/Styles.ts; frontend/src/shared/components/CardComposer/index.tsx; frontend/src/shared/components/Checklist/index.tsx,ai-engine/temp_repos/JordanKnott__taskcafe
LuckyKuang/springboot-base-project,https://github.com/LuckyKuang/springboot-base-project,Java,255588ff72e04033b31c2772b2cf6b11e8feeb51,Apache-2.0,4,4,src/main/java/com/luckykuang/auth/exception/DefaultExceptionHandler.java; src/main/java/com/luckykuang/auth/repository/primary/DeptRepository.java; src/main/java/com/luckykuang/auth/repository/primary/MenuRepository.java; src/main/java/com/luckykuang/auth/service/impl/RoleServiceImpl.java,ai-engine/temp_repos/LuckyKuang__springboot-base-project
Rapter1990/parkinglot,https://github.com/Rapter1990/parkinglot,Java,4d49cf0b84d5eb70ac696bcc0974a58b147a63e2,Not specified (Public GitHub),6,6,src/main/java/com/project/parkinglot/config/OpenApiConfig.java; src/main/java/com/project/parkinglot/controller/ParkController.java; src/main/java/com/project/parkinglot/logging/repository/LogRepository.java; src/main/java/com/project/parkinglot/logging/service/impl/LogServiceImpl.java; src/main/java/com/project/parkinglot/payload/response/CustomPageResponse.java; src/main/java/com/project/parkinglot/repository/PriceListRepository.java,ai-engine/temp_repos/Rapter1990__parkinglot
RishiBakshii/mern-chat-app,https://github.com/RishiBakshii/mern-chat-app,TypeScript,0eb77e2140528fe881ec2e956fb0d8f4d8565a55,Apache-2.0,8,8,backend/src/controllers/attachment.controller.ts; backend/src/controllers/auth.controller.ts; backend/src/controllers/chat.controller.ts; backend/src/controllers/message.controller.ts; backend/src/controllers/user.controller.ts; next-js-frontend/src/app/auth/forgot-password/page.tsx; next-js-frontend/src/app/auth/login/page.tsx; next-js-frontend/src/app/auth/reset-password/page.tsx,ai-engine/temp_repos/RishiBakshii__mern-chat-app
SaiUpadhyayula/spring-reddit-clone,https://github.com/SaiUpadhyayula/spring-reddit-clone,Java,a1ea13ae8c2390bd44f8b7a240406ccb5d47dc2f,Not specified (Public GitHub),2,2,src/main/java/com/programming/techie/springredditclone/controller/AuthController.java; src/main/java/com/programming/techie/springredditclone/controller/PostController.java,ai-engine/temp_repos/SaiUpadhyayula__spring-reddit-clone
Snailclimb/spring-security-jwt-guide,https://github.com/Snailclimb/spring-security-jwt-guide,Java,7908502d650ae4aec81e7ce65172e0dd15825291,Not specified (Public GitHub),2,2,src/main/java/github/javaguide/springsecurityjwtguide/security/exception/JwtAccessDeniedHandler.java; src/main/java/github/javaguide/springsecurityjwtguide/security/service/AuthService.java,ai-engine/temp_repos/Snailclimb__spring-security-jwt-guide
Snouzy/workout-cool,https://github.com/Snouzy/workout-cool,TypeScript,3e65987f4f11bb86483ff9dfc82b831b9a94cb6d,MIT,6,6,app/api/analytics/premium/route.ts; app/api/billing/status/route.ts; app/api/exercises/[exerciseId]/statistics/route.ts; app/api/exercises/route.ts; app/api/premium/checkout/route.ts; app/api/premium/plans/route.ts,ai-engine/temp_repos/Snouzy__workout-cool
ZahraMirzaei/online-shop,https://github.com/ZahraMirzaei/online-shop,TypeScript,d1133090b03b1c3b2733b1b3a28b9bcf6a66d6e0,Not specified (Public GitHub),10,10,components/Benefits/index.tsx; components/banners/banner-box/BannerBox.tsx; components/banners/index.tsx; components/brands/BrandBox.tsx; components/brands/index.tsx; components/carousel/Arrows.tsx; components/carousel/Slide.tsx; components/carousel/index.tsx; components/cart/CartItem.tsx; components/cart/CartList.tsx,ai-engine/temp_repos/ZahraMirzaei__online-shop
adrianhajdin/social_media_app,https://github.com/adrianhajdin/social_media_app,TypeScript,9fa032dd198c92aa498db82d248c0d93f28ebf5c,Not specified (Public GitHub),4,4,src/components/forms/PostForm.tsx; src/components/shared/GridPostList.tsx; src/components/shared/PostStats.tsx; src/components/shared/ProfileUploader.tsx,ai-engine/temp_repos/adrianhajdin__social_media_app
al1abb/invoify,https://github.com/al1abb/invoify,TypeScript,3859b3cbae28ca4ec559db5ef87e41b798740340,MIT,10,10,app/api/invoice/send/route.ts; app/api/invoice/warm/route.ts; app/components/dev/DevDebug.tsx; app/components/invoice/InvoiceActions.tsx; app/components/invoice/InvoiceForm.tsx; app/components/invoice/InvoiceMain.tsx; app/components/invoice/actions/MobilePreviewSheet.tsx; app/components/invoice/actions/PdfViewer.tsx; app/components/invoice/form/Charges.tsx; app/components/invoice/form/PartyPicker.tsx,ai-engine/temp_repos/al1abb__invoify
alim1496/simple-react-ecommerce,https://github.com/alim1496/simple-react-ecommerce,TypeScript,971db13cb0503d036e2a8b37453d459167008fe5,MIT,8,8,src/components/Banner.tsx; src/components/BannerPopup.tsx; src/components/Cart.tsx; src/components/CartRow.tsx; src/components/CustomPopup.tsx; src/components/FeatureCard.tsx; src/components/Features.tsx; src/components/Footer.tsx,ai-engine/temp_repos/alim1496__simple-react-ecommerce
boxyhq/saas-starter-kit,https://github.com/boxyhq/saas-starter-kit,TypeScript,abc9b686823cbfb4973c79bc36fea37a3244be6c,Apache-2.0,7,7,components/account/UpdateName.tsx; components/account/UpdatePassword.tsx; components/account/UpdateTheme.tsx; components/apiKey/APIKeys.tsx; components/apiKey/APIKeysContainer.tsx; components/auth/AgreeMessage.tsx; components/styles.ts,ai-engine/temp_repos/boxyhq__saas-starter-kit
devdcores/BookStoreApp-Distributed-Application,https://github.com/devdcores/BookStoreApp-Distributed-Application,Java,1a14fa38cd3827ccdf3e3e99d61d9254a40f3d8b,Not specified (Public GitHub),3,3,bookstore-account-service/src/main/java/com/devd/spring/bookstoreaccountservice/config/AccountServiceConfig.java; bookstore-account-service/src/main/java/com/devd/spring/bookstoreaccountservice/config/AuthForwardInterceptor.java; bookstore-account-service/src/main/java/com/devd/spring/bookstoreaccountservice/config/AuthorizationServerConfig.java,ai-engine/temp_repos/devdcores__BookStoreApp-Distributed-Application
devias-io/material-kit-react,https://github.com/devias-io/material-kit-react,TypeScript,6423e1a2f092c50d7e1e22f3e43344df02af41de,MIT,5,5,src/components/auth/layout.tsx; src/components/auth/reset-password-form.tsx; src/components/core/chart.tsx; src/components/core/logo.tsx; src/components/core/theme-provider/theme-provider.tsx,ai-engine/temp_repos/devias-io__material-kit-react
f-lab-edu/fast-shoppers,https://github.com/f-lab-edu/fast-shoppers,Java,3743042c4d416966b4f1da5a9f6e8f7671641f53,Not specified (Public GitHub),4,4,src/main/java/com/fastshoppers/entity/BaseEntity.java; src/main/java/com/fastshoppers/entity/Product.java; src/main/java/com/fastshoppers/exception/handler/GlobalExceptionHandler.java; src/main/java/com/fastshoppers/util/PasswordEncryptionUtil.java,ai-engine/temp_repos/f-lab-edu__fast-shoppers
hoangtien2k3/ecommerce-microservices,https://github.com/hoangtien2k3/ecommerce-microservices,Java,394b34ba4699aa54919ff724115c8feb6e78e960,MIT,4,4,auth-service/src/main/java/com/ecommerce/authservice/config/SecurityConfig.java; auth-service/src/main/java/com/ecommerce/authservice/config/SsoProperties.java; auth-service/src/main/java/com/ecommerce/authservice/controller/AuthController.java; auth-service/src/main/java/com/ecommerce/authservice/controller/RoleController.java,ai-engine/temp_repos/hoangtien2k3__ecommerce-microservices
huseynovvusal/spring-blog-api,https://github.com/huseynovvusal/spring-blog-api,Java,b7089528b5a4aefd7c89cc83af3d1e4318d0226d,MIT,3,3,src/main/java/com/huseynovvusal/springblogapi/config/OpenAPIConfiguration.java; src/main/java/com/huseynovvusal/springblogapi/config/SecurityConfig.java; src/main/java/com/huseynovvusal/springblogapi/controller/AuthenticationController.java,ai-engine/temp_repos/huseynovvusal__spring-blog-api
ixartz/SaaS-Boilerplate,https://github.com/ixartz/SaaS-Boilerplate,TypeScript,e3952a7ed5b0ef172ac4363c4644b8c334d1094b,MIT,3,3,src/components/Background.stories.tsx; src/components/DemoBadge.tsx; src/components/ui/accordion.tsx,ai-engine/temp_repos/ixartz__SaaS-Boilerplate
jhcode33/react-spring-blog-backend,https://github.com/jhcode33/react-spring-blog-backend,Java,8d8b33c5ebab9a5160262d63f97060d05204a738,Not specified (Public GitHub),5,5,src/main/java/jhcode/blog/controller/BoardController.java; src/main/java/jhcode/blog/controller/MemberController.java; src/main/java/jhcode/blog/repository/FileRepository.java; src/main/java/jhcode/blog/service/BoardService.java; src/main/java/jhcode/blog/service/CommentService.java,ai-engine/temp_repos/jhcode33__react-spring-blog-backend
kevinshen56714/SkyOffice,https://github.com/kevinshen56714/SkyOffice,TypeScript,3f66b8bffad889ee9fc2340f9bcad28146299f47,MIT,7,7,client/src/components/ComputerDialog.tsx; client/src/components/CreateRoomForm.tsx; client/src/components/CustomRoomTable.tsx; client/src/components/Joystick.tsx; client/src/components/VideoConnectionDialog.tsx; client/src/hooks.ts; client/src/stores/ChatStore.ts,ai-engine/temp_repos/kevinshen56714__SkyOffice
krkarma777/online-store,https://github.com/krkarma777/online-store,Java,0d990cb8b1250b1b14ae8389df7df5c31d226bbe,MIT,4,4,src/main/java/com/bulkpurchase/domain/enums/ErrorPage.java; src/main/java/com/bulkpurchase/domain/repository/GlobalDiscountRepository.java; src/main/java/com/bulkpurchase/domain/repository/review/ReviewRepository.java; src/main/java/com/bulkpurchase/domain/service/AdminDashboardService.java,ai-engine/temp_repos/krkarma777__online-store
mdtalalwasim/blog-application-spring-boot-rest-api,https://github.com/mdtalalwasim/blog-application-spring-boot-rest-api,Java,b1cfdc35b0ccaaa37c86bf7e64cc7d0b6a0096a8,Not specified (Public GitHub),10,10,blog-application-springboot-rest-apis/src/main/java/com/mdtalalwasim/blog/app/BlogApplicationSpringbootRestApisApplication.java; blog-application-springboot-rest-apis/src/main/java/com/mdtalalwasim/blog/app/config/ApplicationConstants.java; blog-application-springboot-rest-apis/src/main/java/com/mdtalalwasim/blog/app/config/SwaggerConfig.java; blog-application-springboot-rest-apis/src/main/java/com/mdtalalwasim/blog/app/controller/AuthRestController.java; blog-application-springboot-rest-apis/src/main/java/com/mdtalalwasim/blog/app/controller/CategoryRestController.java; blog-application-springboot-rest-apis/src/main/java/com/mdtalalwasim/blog/app/controller/CommentController.java; blog-application-springboot-rest-apis/src/main/java/com/mdtalalwasim/blog/app/controller/FileRestController.java; blog-application-springboot-rest-apis/src/main/java/com/mdtalalwasim/blog/app/controller/PostRestController.java; blog-application-springboot-rest-apis/src/main/java/com/mdtalalwasim/blog/app/controller/UserRestController.java; blog-application-springboot-rest-apis/src/main/java/com/mdtalalwasim/blog/app/entity/Category.java,ai-engine/temp_repos/mdtalalwasim__blog-application-spring-boot-rest-api
mewebstudio/java-spring-boot-boilerplate,https://github.com/mewebstudio/java-spring-boot-boilerplate,Java,875cf224b95594e07c4eed9df690a70e7ac3a906,Not specified (Public GitHub),2,2,src/main/java/com/mewebstudio/javaspringbootboilerplate/controller/AbstractBaseController.java; src/main/java/com/mewebstudio/javaspringbootboilerplate/controller/AccountController.java,ai-engine/temp_repos/mewebstudio__java-spring-boot-boilerplate
no2ehi/full-amazon-clone,https://github.com/no2ehi/full-amazon-clone,TypeScript,bdb2b83a0e6650903ccb8a437981e2c9d07d054c,Not specified (Public GitHub),3,3,components/Footer.tsx; components/admin/categories/CreateCategory.tsx; components/admin/product/CreateProduct.tsx,ai-engine/temp_repos/no2ehi__full-amazon-clone
osopromadze/Spring-Boot-Blog-REST-API,https://github.com/osopromadze/Spring-Boot-Blog-REST-API,Java,29a2558f5dfe9d65cd4ac8f23184f27ce939d0aa,GNU AFFERO GENERAL PUBLIC LICE,4,4,src/main/java/com/sopromadze/blogapi/BlogApiApplication.java; src/main/java/com/sopromadze/blogapi/config/AuditingConfig.java; src/main/java/com/sopromadze/blogapi/config/SecutiryConfig.java; src/main/java/com/sopromadze/blogapi/controller/AlbumController.java,ai-engine/temp_repos/osopromadze__Spring-Boot-Blog-REST-API
rene-kt/spring-restapi-ecommerce,https://github.com/rene-kt/spring-restapi-ecommerce,Java,c96605e2a6d718727e27c2616c272024e86c822a,MIT,1,1,src/main/java/com/rene/ecommerce/services/AuthService.java,ai-engine/temp_repos/rene-kt__spring-restapi-ecommerce
rimmelasghar/SpringBoot-boilerPlate,https://github.com/rimmelasghar/SpringBoot-boilerPlate,Java,d561adadaf94215b05b6f95cd0ba54a29cf5d69f,Apache-2.0,2,2,src/main/java/com/rimmelasghar/boilerplate/springboot/controller/RegistrationController.java; src/main/java/com/rimmelasghar/boilerplate/springboot/exceptions/ApiExceptionResponse.java,ai-engine/temp_repos/rimmelasghar__SpringBoot-boilerPlate
robbins23/admin-dashboard-nextjs-typescript-daisyui-template,https://github.com/robbins23/admin-dashboard-nextjs-typescript-daisyui-template,TypeScript,27dbbb86e1fc343e3b86e768b8e64c2b51b46d88,MIT,5,5,src/components/cards/plain-card.tsx; src/components/cards/title-card.tsx; src/components/input/select-color.tsx; src/components/input/text-area.tsx; src/components/typography/error-text.tsx,ai-engine/temp_repos/robbins23__admin-dashboard-nextjs-typescript-daisyui-template
rocketbase-io/commons-auth,https://github.com/rocketbase-io/commons-auth,Java,c86f5c1caba8c63f9f91fd4828395162f35f23bc,MIT,3,3,commons-auth-adapter/src/main/java/io/rocketbase/commons/handler/LoginSuccessCookieHandler.java; commons-auth-api/src/main/java/io/rocketbase/commons/convert/QueryAppUserConverter.java; commons-auth-api/src/main/java/io/rocketbase/commons/dto/appinvite/AppInviteRead.java,ai-engine/temp_repos/rocketbase-io__commons-auth
sosow0212/community,https://github.com/sosow0212/community,Java,cf65e1740195bca02a5528aecb835d1e15cc670d,Not specified (Public GitHub),3,3,src/main/java/yoon/community/config/auth/CustomUserDetailsService.java; src/main/java/yoon/community/controller/board/BoardController.java; src/main/java/yoon/community/controller/category/CategoryController.java,ai-engine/temp_repos/sosow0212__community
sudeepmahato16/movie-app,https://github.com/sudeepmahato16/movie-app,TypeScript,efbaf380c98523a79b265813c43a21c672632478,Not specified (Public GitHub),8,8,src/hooks/useMotion.ts; src/pages/Catalog/components/Search.tsx; src/pages/Catalog/index.tsx; src/pages/Detail/components/Casts.tsx; src/pages/Detail/components/Videos.tsx; src/pages/Detail/index.tsx; src/pages/Home/components/Hero.tsx; src/pages/Home/index.tsx,ai-engine/temp_repos/sudeepmahato16__movie-app
sylvaincodes/youtube_ecommerce,https://github.com/sylvaincodes/youtube_ecommerce,TypeScript,1232c78afab5db02e44d84fb5b07b110e4a236c0,Not specified (Public GitHub),4,4,components/modules/custom/CategoriesAccordion.tsx; components/modules/custom/Col.tsx; components/modules/custom/Container.tsx; components/modules/custom/Currency.tsx,ai-engine/temp_repos/sylvaincodes__youtube_ecommerce
vercel/commerce,https://github.com/vercel/commerce,TypeScript,3761e52e60df9c6a316e067dbfd7032e494d3634,MIT,7,7,components/carousel.tsx; components/cart/actions.ts; components/logo-square.tsx; components/opengraph-image.tsx; components/price.tsx; components/prose.tsx; components/welcome-toast.tsx,ai-engine/temp_repos/vercel__commerce
w3labkr/nextjs14-supabase-blog,https://github.com/w3labkr/nextjs14-supabase-blog,TypeScript,31713fc805180f3abbc460fc455638f2285db254,MIT,5,5,app/api/auth/callback/route.ts; app/api/auth/confirm/route.ts; app/api/v1/email/list/route.ts; app/api/v1/email/route.ts; app/api/v1/email/verify/route.ts,ai-engine/temp_repos/w3labkr__nextjs14-supabase-blog
