jd_id,category,total_pooled,already_gold,new_to_label
JD_JAVA_01,JAVA,15,3,12
JD_JAVA_02,JAVA,18,0,18
JD_JAVA_03,JAVA,17,1,16
JD_JAVA_04,JAVA,14,2,12
JD_JAVA_05,JAVA,16,3,13
JD_JAVA_06,JAVA,15,2,13
JD_JAVA_07,JAVA,13,3,10
JD_JAVA_08,JAVA,16,0,16
JD_JAVA_09,JAVA,19,4,15
JD_JAVA_10,JAVA,16,3,13
JD_JAVA_11,JAVA,17,3,14
JD_JAVA_12,JAVA,16,0,16
JD_JAVA_13,JAVA,17,2,15
JD_JAVA_14,JAVA,19,5,14
JD_JAVA_15,JAVA,16,2,14
JD_REACT_01,REACT,21,0,21
JD_REACT_02,REACT,16,0,16
JD_REACT_03,REACT,20,1,19
JD_REACT_04,REACT,17,0,17
JD_REACT_05,REACT,12,0,12
JD_REACT_06,REACT,16,0,16
JD_REACT_07,REACT,20,0,20
JD_REACT_08,REACT,17,1,16
JD_REACT_09,REACT,18,0,18
JD_REACT_10,REACT,14,0,14
