pair_id,jd_id,repo_name,file_path,start_line,end_line,status,commit_sha,match_exact,match_semantic,notes
PAIR_001,JD_JAVA_01,alim1496/simple-react-ecommerce,src/components/CustomPopup.tsx,1,60,EXACT_MATCH,971db13cb0503d036e2a8b37453d459167008fe5,True,True,Content matches start_line..end_line perfectly
PAIR_002,JD_JAVA_01,robbins23/admin-dashboard-nextjs-typescript-daisyui-template,src/components/typography/error-text.tsx,8,12,EXACT_MATCH,27dbbb86e1fc343e3b86e768b8e64c2b51b46d88,True,True,Content matches start_line..end_line perfectly
PAIR_003,JD_JAVA_01,alim1496/simple-react-ecommerce,src/components/Footer.tsx,1,18,EXACT_MATCH,971db13cb0503d036e2a8b37453d459167008fe5,True,True,Content matches start_line..end_line perfectly
PAIR_004,JD_JAVA_01,hoangtien2k3/ecommerce-microservices,auth-service/src/main/java/com/ecommerce/authservice/config/SsoProperties.java,1,49,EXACT_MATCH,394b34ba4699aa54919ff724115c8feb6e78e960,True,True,Content matches start_line..end_line perfectly
PAIR_005,JD_JAVA_01,mewebstudio/java-spring-boot-boilerplate,src/main/java/com/mewebstudio/javaspringbootboilerplate/controller/AccountController.java,39,64,EXACT_MATCH,875cf224b95594e07c4eed9df690a70e7ac3a906,True,True,Content matches start_line..end_line perfectly
PAIR_006,JD_JAVA_01,devdcores/BookStoreApp-Distributed-Application,bookstore-account-service/src/main/java/com/devd/spring/bookstoreaccountservice/config/AuthorizationServerConfig.java,103,129,EXACT_MATCH,1a14fa38cd3827ccdf3e3e99d61d9254a40f3d8b,True,True,Content matches start_line..end_line perfectly
PAIR_007,JD_JAVA_01,osopromadze/Spring-Boot-Blog-REST-API,src/main/java/com/sopromadze/blogapi/config/AuditingConfig.java,26,37,EXACT_MATCH,29a2558f5dfe9d65cd4ac8f23184f27ce939d0aa,True,True,Content matches start_line..end_line perfectly
PAIR_008,JD_JAVA_01,rimmelasghar/SpringBoot-boilerPlate,src/main/java/com/rimmelasghar/boilerplate/springboot/exceptions/ApiExceptionResponse.java,1,24,EXACT_MATCH,d561adadaf94215b05b6f95cd0ba54a29cf5d69f,True,True,Content matches start_line..end_line perfectly
PAIR_009,JD_JAVA_01,huseynovvusal/spring-blog-api,src/main/java/com/huseynovvusal/springblogapi/config/OpenAPIConfiguration.java,22,40,EXACT_MATCH,b7089528b5a4aefd7c89cc83af3d1e4318d0226d,True,True,Content matches start_line..end_line perfectly
PAIR_010,JD_JAVA_01,huseynovvusal/spring-blog-api,src/main/java/com/huseynovvusal/springblogapi/config/SecurityConfig.java,49,71,EXACT_MATCH,b7089528b5a4aefd7c89cc83af3d1e4318d0226d,True,True,Content matches start_line..end_line perfectly
PAIR_011,JD_JAVA_02,devdcores/BookStoreApp-Distributed-Application,bookstore-account-service/src/main/java/com/devd/spring/bookstoreaccountservice/config/AccountServiceConfig.java,1,11,EXACT_MATCH,1a14fa38cd3827ccdf3e3e99d61d9254a40f3d8b,True,True,Content matches start_line..end_line perfectly
PAIR_012,JD_JAVA_02,rimmelasghar/SpringBoot-boilerPlate,src/main/java/com/rimmelasghar/boilerplate/springboot/exceptions/ApiExceptionResponse.java,1,24,EXACT_MATCH,d561adadaf94215b05b6f95cd0ba54a29cf5d69f,True,True,Content matches start_line..end_line perfectly
PAIR_013,JD_JAVA_02,alim1496/simple-react-ecommerce,src/components/CartRow.tsx,1,60,EXACT_MATCH,971db13cb0503d036e2a8b37453d459167008fe5,True,True,Content matches start_line..end_line perfectly
PAIR_014,JD_JAVA_02,alim1496/simple-react-ecommerce,src/components/Cart.tsx,1,60,EXACT_MATCH,971db13cb0503d036e2a8b37453d459167008fe5,True,True,Content matches start_line..end_line perfectly
PAIR_015,JD_JAVA_02,devdcores/BookStoreApp-Distributed-Application,bookstore-account-service/src/main/java/com/devd/spring/bookstoreaccountservice/config/AuthorizationServerConfig.java,107,121,EXACT_MATCH,1a14fa38cd3827ccdf3e3e99d61d9254a40f3d8b,True,True,Content matches start_line..end_line perfectly
PAIR_016,JD_JAVA_02,osopromadze/Spring-Boot-Blog-REST-API,src/main/java/com/sopromadze/blogapi/config/AuditingConfig.java,18,21,EXACT_MATCH,29a2558f5dfe9d65cd4ac8f23184f27ce939d0aa,True,True,Content matches start_line..end_line perfectly
PAIR_017,JD_JAVA_02,devdcores/BookStoreApp-Distributed-Application,bookstore-account-service/src/main/java/com/devd/spring/bookstoreaccountservice/config/AuthorizationServerConfig.java,103,129,EXACT_MATCH,1a14fa38cd3827ccdf3e3e99d61d9254a40f3d8b,True,True,Content matches start_line..end_line perfectly
PAIR_018,JD_JAVA_02,devdcores/BookStoreApp-Distributed-Application,bookstore-account-service/src/main/java/com/devd/spring/bookstoreaccountservice/config/AuthorizationServerConfig.java,75,78,EXACT_MATCH,1a14fa38cd3827ccdf3e3e99d61d9254a40f3d8b,True,True,Content matches start_line..end_line perfectly
PAIR_019,JD_JAVA_02,hoangtien2k3/ecommerce-microservices,auth-service/src/main/java/com/ecommerce/authservice/config/SsoProperties.java,1,49,EXACT_MATCH,394b34ba4699aa54919ff724115c8feb6e78e960,True,True,Content matches start_line..end_line perfectly
PAIR_020,JD_JAVA_02,HalseySpicy/Hooks-Admin,src/api/helper/checkStatus.ts,1,43,EXACT_MATCH,0f0735266b71ca70d619d6ccb47e9a988d992034,True,True,Content matches start_line..end_line perfectly
PAIR_021,JD_JAVA_03,w3labkr/nextjs14-supabase-blog,app/api/auth/confirm/route.ts,11,50,AST_EXPORT_PREFIX_DIFF,31713fc805180f3abbc460fc455638f2285db254,False,True,Content matches source perfectly; first line has 'export'/'export default' omitted by legacy AST node
PAIR_022,JD_JAVA_03,w3labkr/nextjs14-supabase-blog,app/api/v1/email/route.ts,74,107,AST_EXPORT_PREFIX_DIFF,31713fc805180f3abbc460fc455638f2285db254,False,True,Content matches source perfectly; first line has 'export'/'export default' omitted by legacy AST node
PAIR_023,JD_JAVA_03,devdcores/BookStoreApp-Distributed-Application,bookstore-account-service/src/main/java/com/devd/spring/bookstoreaccountservice/config/AuthorizationServerConfig.java,75,78,EXACT_MATCH,1a14fa38cd3827ccdf3e3e99d61d9254a40f3d8b,True,True,Content matches start_line..end_line perfectly
PAIR_024,JD_JAVA_03,hoangtien2k3/ecommerce-microservices,auth-service/src/main/java/com/ecommerce/authservice/config/SsoProperties.java,1,49,EXACT_MATCH,394b34ba4699aa54919ff724115c8feb6e78e960,True,True,Content matches start_line..end_line perfectly
PAIR_025,JD_JAVA_03,devdcores/BookStoreApp-Distributed-Application,bookstore-account-service/src/main/java/com/devd/spring/bookstoreaccountservice/config/AccountServiceConfig.java,1,11,EXACT_MATCH,1a14fa38cd3827ccdf3e3e99d61d9254a40f3d8b,True,True,Content matches start_line..end_line perfectly
PAIR_026,JD_JAVA_03,ZahraMirzaei/online-shop,components/cart/CartItem.tsx,28,31,EXACT_MATCH,d1133090b03b1c3b2733b1b3a28b9bcf6a66d6e0,True,True,Content matches start_line..end_line perfectly
PAIR_027,JD_JAVA_03,rimmelasghar/SpringBoot-boilerPlate,src/main/java/com/rimmelasghar/boilerplate/springboot/exceptions/ApiExceptionResponse.java,1,24,EXACT_MATCH,d561adadaf94215b05b6f95cd0ba54a29cf5d69f,True,True,Content matches start_line..end_line perfectly
PAIR_028,JD_JAVA_03,hoangtien2k3/ecommerce-microservices,auth-service/src/main/java/com/ecommerce/authservice/controller/AuthController.java,42,46,EXACT_MATCH,394b34ba4699aa54919ff724115c8feb6e78e960,True,True,Content matches start_line..end_line perfectly
PAIR_029,JD_JAVA_03,huseynovvusal/spring-blog-api,src/main/java/com/huseynovvusal/springblogapi/config/SecurityConfig.java,115,122,EXACT_MATCH,b7089528b5a4aefd7c89cc83af3d1e4318d0226d,True,True,Content matches start_line..end_line perfectly
PAIR_030,JD_JAVA_03,devdcores/BookStoreApp-Distributed-Application,bookstore-account-service/src/main/java/com/devd/spring/bookstoreaccountservice/config/AuthorizationServerConfig.java,103,129,EXACT_MATCH,1a14fa38cd3827ccdf3e3e99d61d9254a40f3d8b,True,True,Content matches start_line..end_line perfectly
PAIR_031,JD_JAVA_04,devdcores/BookStoreApp-Distributed-Application,bookstore-account-service/src/main/java/com/devd/spring/bookstoreaccountservice/config/AuthorizationServerConfig.java,94,101,EXACT_MATCH,1a14fa38cd3827ccdf3e3e99d61d9254a40f3d8b,True,True,Content matches start_line..end_line perfectly
PAIR_032,JD_JAVA_04,alim1496/simple-react-ecommerce,src/components/FeatureCard.tsx,1,14,EXACT_MATCH,971db13cb0503d036e2a8b37453d459167008fe5,True,True,Content matches start_line..end_line perfectly
PAIR_033,JD_JAVA_04,hoangtien2k3/ecommerce-microservices,auth-service/src/main/java/com/ecommerce/authservice/controller/AuthController.java,77,93,EXACT_MATCH,394b34ba4699aa54919ff724115c8feb6e78e960,True,True,Content matches start_line..end_line perfectly
PAIR_034,JD_JAVA_04,devdcores/BookStoreApp-Distributed-Application,bookstore-account-service/src/main/java/com/devd/spring/bookstoreaccountservice/config/AccountServiceConfig.java,1,11,EXACT_MATCH,1a14fa38cd3827ccdf3e3e99d61d9254a40f3d8b,True,True,Content matches start_line..end_line perfectly
PAIR_035,JD_JAVA_04,osopromadze/Spring-Boot-Blog-REST-API,src/main/java/com/sopromadze/blogapi/config/AuditingConfig.java,26,37,EXACT_MATCH,29a2558f5dfe9d65cd4ac8f23184f27ce939d0aa,True,True,Content matches start_line..end_line perfectly
PAIR_036,JD_JAVA_04,w3labkr/nextjs14-supabase-blog,app/api/v1/email/route.ts,74,107,AST_EXPORT_PREFIX_DIFF,31713fc805180f3abbc460fc455638f2285db254,False,True,Content matches source perfectly; first line has 'export'/'export default' omitted by legacy AST node
PAIR_037,JD_JAVA_04,devdcores/BookStoreApp-Distributed-Application,bookstore-account-service/src/main/java/com/devd/spring/bookstoreaccountservice/config/AuthorizationServerConfig.java,75,78,EXACT_MATCH,1a14fa38cd3827ccdf3e3e99d61d9254a40f3d8b,True,True,Content matches start_line..end_line perfectly
PAIR_038,JD_JAVA_04,rimmelasghar/SpringBoot-boilerPlate,src/main/java/com/rimmelasghar/boilerplate/springboot/exceptions/ApiExceptionResponse.java,1,24,EXACT_MATCH,d561adadaf94215b05b6f95cd0ba54a29cf5d69f,True,True,Content matches start_line..end_line perfectly
PAIR_039,JD_JAVA_04,devias-io/material-kit-react,src/components/core/logo.tsx,21,31,AST_EXPORT_PREFIX_DIFF,6423e1a2f092c50d7e1e22f3e43344df02af41de,False,True,Content matches source perfectly; first line has 'export'/'export default' omitted by legacy AST node
PAIR_040,JD_JAVA_04,hoangtien2k3/ecommerce-microservices,auth-service/src/main/java/com/ecommerce/authservice/config/SsoProperties.java,1,49,EXACT_MATCH,394b34ba4699aa54919ff724115c8feb6e78e960,True,True,Content matches start_line..end_line perfectly
PAIR_041,JD_JAVA_05,devdcores/BookStoreApp-Distributed-Application,bookstore-account-service/src/main/java/com/devd/spring/bookstoreaccountservice/config/AuthorizationServerConfig.java,107,121,EXACT_MATCH,1a14fa38cd3827ccdf3e3e99d61d9254a40f3d8b,True,True,Content matches start_line..end_line perfectly
PAIR_042,JD_JAVA_05,alim1496/simple-react-ecommerce,src/components/CartRow.tsx,1,60,EXACT_MATCH,971db13cb0503d036e2a8b37453d459167008fe5,True,True,Content matches start_line..end_line perfectly
PAIR_043,JD_JAVA_05,robbins23/admin-dashboard-nextjs-typescript-daisyui-template,src/components/cards/plain-card.tsx,9,16,EXACT_MATCH,27dbbb86e1fc343e3b86e768b8e64c2b51b46d88,True,True,Content matches start_line..end_line perfectly
PAIR_044,JD_JAVA_05,osopromadze/Spring-Boot-Blog-REST-API,src/main/java/com/sopromadze/blogapi/config/AuditingConfig.java,18,21,EXACT_MATCH,29a2558f5dfe9d65cd4ac8f23184f27ce939d0aa,True,True,Content matches start_line..end_line perfectly
PAIR_045,JD_JAVA_05,vercel/commerce,components/price.tsx,1,26,EXACT_MATCH,3761e52e60df9c6a316e067dbfd7032e494d3634,True,True,Content matches start_line..end_line perfectly
PAIR_046,JD_JAVA_05,hoangtien2k3/ecommerce-microservices,auth-service/src/main/java/com/ecommerce/authservice/config/SsoProperties.java,1,49,EXACT_MATCH,394b34ba4699aa54919ff724115c8feb6e78e960,True,True,Content matches start_line..end_line perfectly
PAIR_047,JD_JAVA_05,huseynovvusal/spring-blog-api,src/main/java/com/huseynovvusal/springblogapi/config/SecurityConfig.java,115,122,EXACT_MATCH,b7089528b5a4aefd7c89cc83af3d1e4318d0226d,True,True,Content matches start_line..end_line perfectly
PAIR_048,JD_JAVA_05,osopromadze/Spring-Boot-Blog-REST-API,src/main/java/com/sopromadze/blogapi/config/AuditingConfig.java,26,37,EXACT_MATCH,29a2558f5dfe9d65cd4ac8f23184f27ce939d0aa,True,True,Content matches start_line..end_line perfectly
PAIR_049,JD_JAVA_05,rimmelasghar/SpringBoot-boilerPlate,src/main/java/com/rimmelasghar/boilerplate/springboot/exceptions/ApiExceptionResponse.java,1,24,EXACT_MATCH,d561adadaf94215b05b6f95cd0ba54a29cf5d69f,True,True,Content matches start_line..end_line perfectly
PAIR_050,JD_JAVA_05,huseynovvusal/spring-blog-api,src/main/java/com/huseynovvusal/springblogapi/config/SecurityConfig.java,91,96,EXACT_MATCH,b7089528b5a4aefd7c89cc83af3d1e4318d0226d,True,True,Content matches start_line..end_line perfectly
PAIR_051,JD_JAVA_06,hoangtien2k3/ecommerce-microservices,auth-service/src/main/java/com/ecommerce/authservice/controller/AuthController.java,98,101,EXACT_MATCH,394b34ba4699aa54919ff724115c8feb6e78e960,True,True,Content matches start_line..end_line perfectly
PAIR_052,JD_JAVA_06,hoangtien2k3/ecommerce-microservices,auth-service/src/main/java/com/ecommerce/authservice/config/SsoProperties.java,1,49,EXACT_MATCH,394b34ba4699aa54919ff724115c8feb6e78e960,True,True,Content matches start_line..end_line perfectly
PAIR_053,JD_JAVA_06,huseynovvusal/spring-blog-api,src/main/java/com/huseynovvusal/springblogapi/config/SecurityConfig.java,49,71,EXACT_MATCH,b7089528b5a4aefd7c89cc83af3d1e4318d0226d,True,True,Content matches start_line..end_line perfectly
PAIR_054,JD_JAVA_06,robbins23/admin-dashboard-nextjs-typescript-daisyui-template,src/components/cards/title-card.tsx,11,34,EXACT_MATCH,27dbbb86e1fc343e3b86e768b8e64c2b51b46d88,True,True,Content matches start_line..end_line perfectly
PAIR_055,JD_JAVA_06,devdcores/BookStoreApp-Distributed-Application,bookstore-account-service/src/main/java/com/devd/spring/bookstoreaccountservice/config/AuthorizationServerConfig.java,131,135,EXACT_MATCH,1a14fa38cd3827ccdf3e3e99d61d9254a40f3d8b,True,True,Content matches start_line..end_line perfectly
PAIR_056,JD_JAVA_06,alim1496/simple-react-ecommerce,src/components/BannerPopup.tsx,1,37,EXACT_MATCH,971db13cb0503d036e2a8b37453d459167008fe5,True,True,Content matches start_line..end_line perfectly
PAIR_057,JD_JAVA_06,alim1496/simple-react-ecommerce,src/components/Features.tsx,1,43,EXACT_MATCH,971db13cb0503d036e2a8b37453d459167008fe5,True,True,Content matches start_line..end_line perfectly
PAIR_058,JD_JAVA_06,devdcores/BookStoreApp-Distributed-Application,bookstore-account-service/src/main/java/com/devd/spring/bookstoreaccountservice/config/AuthorizationServerConfig.java,75,78,EXACT_MATCH,1a14fa38cd3827ccdf3e3e99d61d9254a40f3d8b,True,True,Content matches start_line..end_line perfectly
PAIR_059,JD_JAVA_06,devdcores/BookStoreApp-Distributed-Application,bookstore-account-service/src/main/java/com/devd/spring/bookstoreaccountservice/config/AccountServiceConfig.java,1,11,EXACT_MATCH,1a14fa38cd3827ccdf3e3e99d61d9254a40f3d8b,True,True,Content matches start_line..end_line perfectly
PAIR_060,JD_JAVA_06,rimmelasghar/SpringBoot-boilerPlate,src/main/java/com/rimmelasghar/boilerplate/springboot/exceptions/ApiExceptionResponse.java,1,24,EXACT_MATCH,d561adadaf94215b05b6f95cd0ba54a29cf5d69f,True,True,Content matches start_line..end_line perfectly
PAIR_061,JD_JAVA_07,devdcores/BookStoreApp-Distributed-Application,bookstore-account-service/src/main/java/com/devd/spring/bookstoreaccountservice/config/AuthorizationServerConfig.java,103,129,EXACT_MATCH,1a14fa38cd3827ccdf3e3e99d61d9254a40f3d8b,True,True,Content matches start_line..end_line perfectly
PAIR_062,JD_JAVA_07,w3labkr/nextjs14-supabase-blog,app/api/v1/email/route.ts,74,107,AST_EXPORT_PREFIX_DIFF,31713fc805180f3abbc460fc455638f2285db254,False,True,Content matches source perfectly; first line has 'export'/'export default' omitted by legacy AST node
PAIR_063,JD_JAVA_07,vercel/commerce,components/opengraph-image.tsx,10,45,AST_EXPORT_PREFIX_DIFF,3761e52e60df9c6a316e067dbfd7032e494d3634,False,True,Content matches source perfectly; first line has 'export'/'export default' omitted by legacy AST node
PAIR_064,JD_JAVA_07,huseynovvusal/spring-blog-api,src/main/java/com/huseynovvusal/springblogapi/config/OpenAPIConfiguration.java,22,40,EXACT_MATCH,b7089528b5a4aefd7c89cc83af3d1e4318d0226d,True,True,Content matches start_line..end_line perfectly
PAIR_065,JD_JAVA_07,w3labkr/nextjs14-supabase-blog,app/api/v1/email/verify/route.ts,10,45,AST_EXPORT_PREFIX_DIFF,31713fc805180f3abbc460fc455638f2285db254,False,True,Content matches source perfectly; first line has 'export'/'export default' omitted by legacy AST node
PAIR_066,JD_JAVA_07,rimmelasghar/SpringBoot-boilerPlate,src/main/java/com/rimmelasghar/boilerplate/springboot/exceptions/ApiExceptionResponse.java,1,24,EXACT_MATCH,d561adadaf94215b05b6f95cd0ba54a29cf5d69f,True,True,Content matches start_line..end_line perfectly
PAIR_067,JD_JAVA_07,hoangtien2k3/ecommerce-microservices,auth-service/src/main/java/com/ecommerce/authservice/config/SsoProperties.java,1,49,EXACT_MATCH,394b34ba4699aa54919ff724115c8feb6e78e960,True,True,Content matches start_line..end_line perfectly
PAIR_068,JD_JAVA_07,devdcores/BookStoreApp-Distributed-Application,bookstore-account-service/src/main/java/com/devd/spring/bookstoreaccountservice/config/AuthorizationServerConfig.java,131,135,EXACT_MATCH,1a14fa38cd3827ccdf3e3e99d61d9254a40f3d8b,True,True,Content matches start_line..end_line perfectly
PAIR_069,JD_JAVA_07,devdcores/BookStoreApp-Distributed-Application,bookstore-account-service/src/main/java/com/devd/spring/bookstoreaccountservice/config/AuthorizationServerConfig.java,80,86,EXACT_MATCH,1a14fa38cd3827ccdf3e3e99d61d9254a40f3d8b,True,True,Content matches start_line..end_line perfectly
PAIR_070,JD_JAVA_07,osopromadze/Spring-Boot-Blog-REST-API,src/main/java/com/sopromadze/blogapi/config/AuditingConfig.java,18,21,EXACT_MATCH,29a2558f5dfe9d65cd4ac8f23184f27ce939d0aa,True,True,Content matches start_line..end_line perfectly
PAIR_071,JD_JAVA_08,devdcores/BookStoreApp-Distributed-Application,bookstore-account-service/src/main/java/com/devd/spring/bookstoreaccountservice/config/AuthorizationServerConfig.java,103,129,EXACT_MATCH,1a14fa38cd3827ccdf3e3e99d61d9254a40f3d8b,True,True,Content matches start_line..end_line perfectly
PAIR_072,JD_JAVA_08,hoangtien2k3/ecommerce-microservices,auth-service/src/main/java/com/ecommerce/authservice/config/SsoProperties.java,1,49,EXACT_MATCH,394b34ba4699aa54919ff724115c8feb6e78e960,True,True,Content matches start_line..end_line perfectly
PAIR_073,JD_JAVA_08,rimmelasghar/SpringBoot-boilerPlate,src/main/java/com/rimmelasghar/boilerplate/springboot/exceptions/ApiExceptionResponse.java,1,24,EXACT_MATCH,d561adadaf94215b05b6f95cd0ba54a29cf5d69f,True,True,Content matches start_line..end_line perfectly
PAIR_074,JD_JAVA_08,devdcores/BookStoreApp-Distributed-Application,bookstore-account-service/src/main/java/com/devd/spring/bookstoreaccountservice/config/AuthorizationServerConfig.java,75,78,EXACT_MATCH,1a14fa38cd3827ccdf3e3e99d61d9254a40f3d8b,True,True,Content matches start_line..end_line perfectly
PAIR_075,JD_JAVA_08,osopromadze/Spring-Boot-Blog-REST-API,src/main/java/com/sopromadze/blogapi/config/AuditingConfig.java,18,21,EXACT_MATCH,29a2558f5dfe9d65cd4ac8f23184f27ce939d0aa,True,True,Content matches start_line..end_line perfectly
PAIR_076,JD_JAVA_08,alim1496/simple-react-ecommerce,src/components/FeatureCard.tsx,1,14,EXACT_MATCH,971db13cb0503d036e2a8b37453d459167008fe5,True,True,Content matches start_line..end_line perfectly
PAIR_077,JD_JAVA_08,osopromadze/Spring-Boot-Blog-REST-API,src/main/java/com/sopromadze/blogapi/config/SecutiryConfig.java,72,75,EXACT_MATCH,29a2558f5dfe9d65cd4ac8f23184f27ce939d0aa,True,True,Content matches start_line..end_line perfectly
PAIR_078,JD_JAVA_08,osopromadze/Spring-Boot-Blog-REST-API,src/main/java/com/sopromadze/blogapi/config/AuditingConfig.java,26,37,EXACT_MATCH,29a2558f5dfe9d65cd4ac8f23184f27ce939d0aa,True,True,Content matches start_line..end_line perfectly
PAIR_079,JD_JAVA_08,alim1496/simple-react-ecommerce,src/components/CustomPopup.tsx,1,60,EXACT_MATCH,971db13cb0503d036e2a8b37453d459167008fe5,True,True,Content matches start_line..end_line perfectly
PAIR_080,JD_JAVA_08,ZahraMirzaei/online-shop,components/carousel/Arrows.tsx,1,38,EXACT_MATCH,d1133090b03b1c3b2733b1b3a28b9bcf6a66d6e0,True,True,Content matches start_line..end_line perfectly
PAIR_081,JD_JAVA_09,huseynovvusal/spring-blog-api,src/main/java/com/huseynovvusal/springblogapi/config/OpenAPIConfiguration.java,22,40,EXACT_MATCH,b7089528b5a4aefd7c89cc83af3d1e4318d0226d,True,True,Content matches start_line..end_line perfectly
PAIR_082,JD_JAVA_09,vercel/commerce,components/cart/actions.ts,98,101,AST_EXPORT_PREFIX_DIFF,3761e52e60df9c6a316e067dbfd7032e494d3634,False,True,Content matches source perfectly; first line has 'export'/'export default' omitted by legacy AST node
PAIR_083,JD_JAVA_09,vercel/commerce,components/prose.tsx,1,15,EXACT_MATCH,3761e52e60df9c6a316e067dbfd7032e494d3634,True,True,Content matches start_line..end_line perfectly
PAIR_084,JD_JAVA_09,hoangtien2k3/ecommerce-microservices,auth-service/src/main/java/com/ecommerce/authservice/config/SsoProperties.java,1,49,EXACT_MATCH,394b34ba4699aa54919ff724115c8feb6e78e960,True,True,Content matches start_line..end_line perfectly
PAIR_085,JD_JAVA_09,devdcores/BookStoreApp-Distributed-Application,bookstore-account-service/src/main/java/com/devd/spring/bookstoreaccountservice/config/AuthorizationServerConfig.java,75,78,EXACT_MATCH,1a14fa38cd3827ccdf3e3e99d61d9254a40f3d8b,True,True,Content matches start_line..end_line perfectly
PAIR_086,JD_JAVA_09,hoangtien2k3/ecommerce-microservices,auth-service/src/main/java/com/ecommerce/authservice/controller/AuthController.java,42,46,EXACT_MATCH,394b34ba4699aa54919ff724115c8feb6e78e960,True,True,Content matches start_line..end_line perfectly
PAIR_087,JD_JAVA_09,hoangtien2k3/ecommerce-microservices,auth-service/src/main/java/com/ecommerce/authservice/config/SecurityConfig.java,29,41,EXACT_MATCH,394b34ba4699aa54919ff724115c8feb6e78e960,True,True,Content matches start_line..end_line perfectly
PAIR_088,JD_JAVA_09,w3labkr/nextjs14-supabase-blog,app/api/auth/callback/route.ts,10,45,AST_EXPORT_PREFIX_DIFF,31713fc805180f3abbc460fc455638f2285db254,False,True,Content matches source perfectly; first line has 'export'/'export default' omitted by legacy AST node
PAIR_089,JD_JAVA_09,devdcores/BookStoreApp-Distributed-Application,bookstore-account-service/src/main/java/com/devd/spring/bookstoreaccountservice/config/AccountServiceConfig.java,1,11,EXACT_MATCH,1a14fa38cd3827ccdf3e3e99d61d9254a40f3d8b,True,True,Content matches start_line..end_line perfectly
PAIR_090,JD_JAVA_09,rimmelasghar/SpringBoot-boilerPlate,src/main/java/com/rimmelasghar/boilerplate/springboot/exceptions/ApiExceptionResponse.java,1,24,EXACT_MATCH,d561adadaf94215b05b6f95cd0ba54a29cf5d69f,True,True,Content matches start_line..end_line perfectly
PAIR_091,JD_JAVA_10,osopromadze/Spring-Boot-Blog-REST-API,src/main/java/com/sopromadze/blogapi/config/AuditingConfig.java,18,21,EXACT_MATCH,29a2558f5dfe9d65cd4ac8f23184f27ce939d0aa,True,True,Content matches start_line..end_line perfectly
PAIR_092,JD_JAVA_10,alim1496/simple-react-ecommerce,src/components/CustomPopup.tsx,51,88,EXACT_MATCH,971db13cb0503d036e2a8b37453d459167008fe5,True,True,Content matches start_line..end_line perfectly
PAIR_093,JD_JAVA_10,HalseySpicy/Hooks-Admin,src/components/Loading/index.tsx,1,8,EXACT_MATCH,0f0735266b71ca70d619d6ccb47e9a988d992034,True,True,Content matches start_line..end_line perfectly
PAIR_094,JD_JAVA_10,ixartz/SaaS-Boilerplate,src/components/Background.stories.tsx,1,26,EXACT_MATCH,e3952a7ed5b0ef172ac4363c4644b8c334d1094b,True,True,Content matches start_line..end_line perfectly
PAIR_095,JD_JAVA_10,Snailclimb/spring-security-jwt-guide,src/main/java/github/javaguide/springsecurityjwtguide/security/service/AuthService.java,52,76,EXACT_MATCH,7908502d650ae4aec81e7ce65172e0dd15825291,True,True,Content matches start_line..end_line perfectly
PAIR_096,JD_JAVA_10,mewebstudio/java-spring-boot-boilerplate,src/main/java/com/mewebstudio/javaspringbootboilerplate/controller/AccountController.java,39,64,EXACT_MATCH,875cf224b95594e07c4eed9df690a70e7ac3a906,True,True,Content matches start_line..end_line perfectly
PAIR_097,JD_JAVA_10,mewebstudio/java-spring-boot-boilerplate,src/main/java/com/mewebstudio/javaspringbootboilerplate/controller/AccountController.java,108,145,EXACT_MATCH,875cf224b95594e07c4eed9df690a70e7ac3a906,True,True,Content matches start_line..end_line perfectly
PAIR_098,JD_JAVA_10,huseynovvusal/spring-blog-api,src/main/java/com/huseynovvusal/springblogapi/config/SecurityConfig.java,91,96,EXACT_MATCH,b7089528b5a4aefd7c89cc83af3d1e4318d0226d,True,True,Content matches start_line..end_line perfectly
PAIR_099,JD_JAVA_10,rimmelasghar/SpringBoot-boilerPlate,src/main/java/com/rimmelasghar/boilerplate/springboot/exceptions/ApiExceptionResponse.java,1,24,EXACT_MATCH,d561adadaf94215b05b6f95cd0ba54a29cf5d69f,True,True,Content matches start_line..end_line perfectly
PAIR_100,JD_JAVA_10,hoangtien2k3/ecommerce-microservices,auth-service/src/main/java/com/ecommerce/authservice/config/SsoProperties.java,1,49,EXACT_MATCH,394b34ba4699aa54919ff724115c8feb6e78e960,True,True,Content matches start_line..end_line perfectly
PAIR_101,JD_JAVA_11,devdcores/BookStoreApp-Distributed-Application,bookstore-account-service/src/main/java/com/devd/spring/bookstoreaccountservice/config/AuthorizationServerConfig.java,103,129,EXACT_MATCH,1a14fa38cd3827ccdf3e3e99d61d9254a40f3d8b,True,True,Content matches start_line..end_line perfectly
PAIR_102,JD_JAVA_11,osopromadze/Spring-Boot-Blog-REST-API,src/main/java/com/sopromadze/blogapi/config/AuditingConfig.java,26,37,EXACT_MATCH,29a2558f5dfe9d65cd4ac8f23184f27ce939d0aa,True,True,Content matches start_line..end_line perfectly
PAIR_103,JD_JAVA_11,hoangtien2k3/ecommerce-microservices,auth-service/src/main/java/com/ecommerce/authservice/config/SsoProperties.java,1,49,EXACT_MATCH,394b34ba4699aa54919ff724115c8feb6e78e960,True,True,Content matches start_line..end_line perfectly
PAIR_104,JD_JAVA_11,robbins23/admin-dashboard-nextjs-typescript-daisyui-template,src/components/input/select-color.tsx,51,77,EXACT_MATCH,27dbbb86e1fc343e3b86e768b8e64c2b51b46d88,True,True,Content matches start_line..end_line perfectly
PAIR_105,JD_JAVA_11,alim1496/simple-react-ecommerce,src/components/FeatureCard.tsx,1,14,EXACT_MATCH,971db13cb0503d036e2a8b37453d459167008fe5,True,True,Content matches start_line..end_line perfectly
PAIR_106,JD_JAVA_11,mewebstudio/java-spring-boot-boilerplate,src/main/java/com/mewebstudio/javaspringbootboilerplate/controller/AccountController.java,66,106,EXACT_MATCH,875cf224b95594e07c4eed9df690a70e7ac3a906,True,True,Content matches start_line..end_line perfectly
PAIR_107,JD_JAVA_11,huseynovvusal/spring-blog-api,src/main/java/com/huseynovvusal/springblogapi/config/OpenAPIConfiguration.java,22,40,EXACT_MATCH,b7089528b5a4aefd7c89cc83af3d1e4318d0226d,True,True,Content matches start_line..end_line perfectly
PAIR_108,JD_JAVA_11,rimmelasghar/SpringBoot-boilerPlate,src/main/java/com/rimmelasghar/boilerplate/springboot/exceptions/ApiExceptionResponse.java,1,24,EXACT_MATCH,d561adadaf94215b05b6f95cd0ba54a29cf5d69f,True,True,Content matches start_line..end_line perfectly
PAIR_109,JD_JAVA_11,osopromadze/Spring-Boot-Blog-REST-API,src/main/java/com/sopromadze/blogapi/config/AuditingConfig.java,18,21,EXACT_MATCH,29a2558f5dfe9d65cd4ac8f23184f27ce939d0aa,True,True,Content matches start_line..end_line perfectly
PAIR_110,JD_JAVA_11,ixartz/SaaS-Boilerplate,src/components/DemoBadge.tsx,1,15,EXACT_MATCH,e3952a7ed5b0ef172ac4363c4644b8c334d1094b,True,True,Content matches start_line..end_line perfectly
PAIR_111,JD_JAVA_12,devdcores/BookStoreApp-Distributed-Application,bookstore-account-service/src/main/java/com/devd/spring/bookstoreaccountservice/config/AuthorizationServerConfig.java,103,129,EXACT_MATCH,1a14fa38cd3827ccdf3e3e99d61d9254a40f3d8b,True,True,Content matches start_line..end_line perfectly
PAIR_112,JD_JAVA_12,devdcores/BookStoreApp-Distributed-Application,bookstore-account-service/src/main/java/com/devd/spring/bookstoreaccountservice/config/AuthorizationServerConfig.java,75,78,EXACT_MATCH,1a14fa38cd3827ccdf3e3e99d61d9254a40f3d8b,True,True,Content matches start_line..end_line perfectly
PAIR_113,JD_JAVA_12,hoangtien2k3/ecommerce-microservices,auth-service/src/main/java/com/ecommerce/authservice/controller/AuthController.java,77,93,EXACT_MATCH,394b34ba4699aa54919ff724115c8feb6e78e960,True,True,Content matches start_line..end_line perfectly
PAIR_114,JD_JAVA_12,rimmelasghar/SpringBoot-boilerPlate,src/main/java/com/rimmelasghar/boilerplate/springboot/exceptions/ApiExceptionResponse.java,1,24,EXACT_MATCH,d561adadaf94215b05b6f95cd0ba54a29cf5d69f,True,True,Content matches start_line..end_line perfectly
PAIR_115,JD_JAVA_12,devias-io/material-kit-react,src/components/core/chart.tsx,1,8,EXACT_MATCH,6423e1a2f092c50d7e1e22f3e43344df02af41de,True,True,Content matches start_line..end_line perfectly
PAIR_116,JD_JAVA_12,devdcores/BookStoreApp-Distributed-Application,bookstore-account-service/src/main/java/com/devd/spring/bookstoreaccountservice/config/AccountServiceConfig.java,1,11,EXACT_MATCH,1a14fa38cd3827ccdf3e3e99d61d9254a40f3d8b,True,True,Content matches start_line..end_line perfectly
PAIR_117,JD_JAVA_12,vercel/commerce,components/carousel.tsx,5,45,AST_EXPORT_PREFIX_DIFF,3761e52e60df9c6a316e067dbfd7032e494d3634,False,True,Content matches source perfectly; first line has 'export'/'export default' omitted by legacy AST node
PAIR_118,JD_JAVA_12,hoangtien2k3/ecommerce-microservices,auth-service/src/main/java/com/ecommerce/authservice/config/SsoProperties.java,1,49,EXACT_MATCH,394b34ba4699aa54919ff724115c8feb6e78e960,True,True,Content matches start_line..end_line perfectly
PAIR_119,JD_JAVA_12,ixartz/SaaS-Boilerplate,src/components/ui/accordion.tsx,13,27,EXACT_MATCH,e3952a7ed5b0ef172ac4363c4644b8c334d1094b,True,True,Content matches start_line..end_line perfectly
PAIR_120,JD_JAVA_12,hoangtien2k3/ecommerce-microservices,auth-service/src/main/java/com/ecommerce/authservice/controller/AuthController.java,98,101,EXACT_MATCH,394b34ba4699aa54919ff724115c8feb6e78e960,True,True,Content matches start_line..end_line perfectly
PAIR_121,JD_JAVA_13,hoangtien2k3/ecommerce-microservices,auth-service/src/main/java/com/ecommerce/authservice/config/SsoProperties.java,1,49,EXACT_MATCH,394b34ba4699aa54919ff724115c8feb6e78e960,True,True,Content matches start_line..end_line perfectly
PAIR_122,JD_JAVA_13,robbins23/admin-dashboard-nextjs-typescript-daisyui-template,src/components/input/text-area.tsx,13,42,EXACT_MATCH,27dbbb86e1fc343e3b86e768b8e64c2b51b46d88,True,True,Content matches start_line..end_line perfectly
PAIR_123,JD_JAVA_13,osopromadze/Spring-Boot-Blog-REST-API,src/main/java/com/sopromadze/blogapi/BlogApiApplication.java,28,31,EXACT_MATCH,29a2558f5dfe9d65cd4ac8f23184f27ce939d0aa,True,True,Content matches start_line..end_line perfectly
PAIR_124,JD_JAVA_13,osopromadze/Spring-Boot-Blog-REST-API,src/main/java/com/sopromadze/blogapi/config/SecutiryConfig.java,34,40,EXACT_MATCH,29a2558f5dfe9d65cd4ac8f23184f27ce939d0aa,True,True,Content matches start_line..end_line perfectly
PAIR_125,JD_JAVA_13,huseynovvusal/spring-blog-api,src/main/java/com/huseynovvusal/springblogapi/config/SecurityConfig.java,49,71,EXACT_MATCH,b7089528b5a4aefd7c89cc83af3d1e4318d0226d,True,True,Content matches start_line..end_line perfectly
PAIR_126,JD_JAVA_13,osopromadze/Spring-Boot-Blog-REST-API,src/main/java/com/sopromadze/blogapi/config/AuditingConfig.java,18,21,EXACT_MATCH,29a2558f5dfe9d65cd4ac8f23184f27ce939d0aa,True,True,Content matches start_line..end_line perfectly
PAIR_127,JD_JAVA_13,w3labkr/nextjs14-supabase-blog,app/api/v1/email/list/route.ts,6,30,AST_EXPORT_PREFIX_DIFF,31713fc805180f3abbc460fc455638f2285db254,False,True,Content matches source perfectly; first line has 'export'/'export default' omitted by legacy AST node
PAIR_128,JD_JAVA_13,huseynovvusal/spring-blog-api,src/main/java/com/huseynovvusal/springblogapi/config/OpenAPIConfiguration.java,22,40,EXACT_MATCH,b7089528b5a4aefd7c89cc83af3d1e4318d0226d,True,True,Content matches start_line..end_line perfectly
PAIR_129,JD_JAVA_13,HalseySpicy/Hooks-Admin,src/api/helper/axiosCancel.ts,35,44,EXACT_MATCH,0f0735266b71ca70d619d6ccb47e9a988d992034,True,True,Content matches start_line..end_line perfectly
PAIR_130,JD_JAVA_13,rimmelasghar/SpringBoot-boilerPlate,src/main/java/com/rimmelasghar/boilerplate/springboot/exceptions/ApiExceptionResponse.java,1,24,EXACT_MATCH,d561adadaf94215b05b6f95cd0ba54a29cf5d69f,True,True,Content matches start_line..end_line perfectly
PAIR_131,JD_JAVA_14,huseynovvusal/spring-blog-api,src/main/java/com/huseynovvusal/springblogapi/config/OpenAPIConfiguration.java,22,40,EXACT_MATCH,b7089528b5a4aefd7c89cc83af3d1e4318d0226d,True,True,Content matches start_line..end_line perfectly
PAIR_132,JD_JAVA_14,huseynovvusal/spring-blog-api,src/main/java/com/huseynovvusal/springblogapi/config/SecurityConfig.java,49,71,EXACT_MATCH,b7089528b5a4aefd7c89cc83af3d1e4318d0226d,True,True,Content matches start_line..end_line perfectly
PAIR_133,JD_JAVA_14,huseynovvusal/spring-blog-api,src/main/java/com/huseynovvusal/springblogapi/config/SecurityConfig.java,115,122,EXACT_MATCH,b7089528b5a4aefd7c89cc83af3d1e4318d0226d,True,True,Content matches start_line..end_line perfectly
PAIR_134,JD_JAVA_14,mewebstudio/java-spring-boot-boilerplate,src/main/java/com/mewebstudio/javaspringbootboilerplate/controller/AccountController.java,39,64,EXACT_MATCH,875cf224b95594e07c4eed9df690a70e7ac3a906,True,True,Content matches start_line..end_line perfectly
PAIR_135,JD_JAVA_14,no2ehi/full-amazon-clone,components/Footer.tsx,151,210,EXACT_MATCH,bdb2b83a0e6650903ccb8a437981e2c9d07d054c,True,True,Content matches start_line..end_line perfectly
PAIR_136,JD_JAVA_14,rimmelasghar/SpringBoot-boilerPlate,src/main/java/com/rimmelasghar/boilerplate/springboot/exceptions/ApiExceptionResponse.java,1,24,EXACT_MATCH,d561adadaf94215b05b6f95cd0ba54a29cf5d69f,True,True,Content matches start_line..end_line perfectly
PAIR_137,JD_JAVA_14,hoangtien2k3/ecommerce-microservices,auth-service/src/main/java/com/ecommerce/authservice/config/SsoProperties.java,1,49,EXACT_MATCH,394b34ba4699aa54919ff724115c8feb6e78e960,True,True,Content matches start_line..end_line perfectly
PAIR_138,JD_JAVA_14,sylvaincodes/youtube_ecommerce,components/modules/custom/Currency.tsx,12,32,AST_EXPORT_PREFIX_DIFF,1232c78afab5db02e44d84fb5b07b110e4a236c0,False,True,Content matches source perfectly; first line has 'export'/'export default' omitted by legacy AST node
PAIR_139,JD_JAVA_14,robbins23/admin-dashboard-nextjs-typescript-daisyui-template,src/components/input/select-color.tsx,1,60,EXACT_MATCH,27dbbb86e1fc343e3b86e768b8e64c2b51b46d88,True,True,Content matches start_line..end_line perfectly
PAIR_140,JD_JAVA_14,Snailclimb/spring-security-jwt-guide,src/main/java/github/javaguide/springsecurityjwtguide/security/service/AuthService.java,52,76,EXACT_MATCH,7908502d650ae4aec81e7ce65172e0dd15825291,True,True,Content matches start_line..end_line perfectly
PAIR_141,JD_JAVA_15,vercel/commerce,components/carousel.tsx,5,45,AST_EXPORT_PREFIX_DIFF,3761e52e60df9c6a316e067dbfd7032e494d3634,False,True,Content matches source perfectly; first line has 'export'/'export default' omitted by legacy AST node
PAIR_142,JD_JAVA_15,devias-io/material-kit-react,src/components/auth/reset-password-form.tsx,24,77,AST_EXPORT_PREFIX_DIFF,6423e1a2f092c50d7e1e22f3e43344df02af41de,False,True,Content matches source perfectly; first line has 'export'/'export default' omitted by legacy AST node
PAIR_143,JD_JAVA_15,devdcores/BookStoreApp-Distributed-Application,bookstore-account-service/src/main/java/com/devd/spring/bookstoreaccountservice/config/AuthorizationServerConfig.java,94,101,EXACT_MATCH,1a14fa38cd3827ccdf3e3e99d61d9254a40f3d8b,True,True,Content matches start_line..end_line perfectly
PAIR_144,JD_JAVA_15,devdcores/BookStoreApp-Distributed-Application,bookstore-account-service/src/main/java/com/devd/spring/bookstoreaccountservice/config/AuthForwardInterceptor.java,23,28,EXACT_MATCH,1a14fa38cd3827ccdf3e3e99d61d9254a40f3d8b,True,True,Content matches start_line..end_line perfectly
PAIR_145,JD_JAVA_15,devdcores/BookStoreApp-Distributed-Application,bookstore-account-service/src/main/java/com/devd/spring/bookstoreaccountservice/config/AuthorizationServerConfig.java,103,129,EXACT_MATCH,1a14fa38cd3827ccdf3e3e99d61d9254a40f3d8b,True,True,Content matches start_line..end_line perfectly
PAIR_146,JD_JAVA_15,Snailclimb/spring-security-jwt-guide,src/main/java/github/javaguide/springsecurityjwtguide/security/exception/JwtAccessDeniedHandler.java,19,23,EXACT_MATCH,7908502d650ae4aec81e7ce65172e0dd15825291,True,True,Content matches start_line..end_line perfectly
PAIR_147,JD_JAVA_15,alim1496/simple-react-ecommerce,src/components/Cart.tsx,51,109,EXACT_MATCH,971db13cb0503d036e2a8b37453d459167008fe5,True,True,Content matches start_line..end_line perfectly
PAIR_148,JD_JAVA_15,huseynovvusal/spring-blog-api,src/main/java/com/huseynovvusal/springblogapi/config/OpenAPIConfiguration.java,22,40,EXACT_MATCH,b7089528b5a4aefd7c89cc83af3d1e4318d0226d,True,True,Content matches start_line..end_line perfectly
PAIR_149,JD_JAVA_15,hoangtien2k3/ecommerce-microservices,auth-service/src/main/java/com/ecommerce/authservice/config/SsoProperties.java,1,49,EXACT_MATCH,394b34ba4699aa54919ff724115c8feb6e78e960,True,True,Content matches start_line..end_line perfectly
PAIR_150,JD_JAVA_15,rimmelasghar/SpringBoot-boilerPlate,src/main/java/com/rimmelasghar/boilerplate/springboot/exceptions/ApiExceptionResponse.java,1,24,EXACT_MATCH,d561adadaf94215b05b6f95cd0ba54a29cf5d69f,True,True,Content matches start_line..end_line perfectly
PAIR_151,JD_REACT_01,vercel/commerce,components/carousel.tsx,5,45,AST_EXPORT_PREFIX_DIFF,3761e52e60df9c6a316e067dbfd7032e494d3634,False,True,Content matches source perfectly; first line has 'export'/'export default' omitted by legacy AST node
PAIR_152,JD_REACT_01,ZahraMirzaei/online-shop,components/cart/CartList.tsx,1,23,EXACT_MATCH,d1133090b03b1c3b2733b1b3a28b9bcf6a66d6e0,True,True,Content matches start_line..end_line perfectly
PAIR_153,JD_REACT_01,ZahraMirzaei/online-shop,components/brands/index.tsx,1,58,EXACT_MATCH,d1133090b03b1c3b2733b1b3a28b9bcf6a66d6e0,True,True,Content matches start_line..end_line perfectly
PAIR_154,JD_REACT_01,ZahraMirzaei/online-shop,components/carousel/index.tsx,1,46,EXACT_MATCH,d1133090b03b1c3b2733b1b3a28b9bcf6a66d6e0,True,True,Content matches start_line..end_line perfectly
PAIR_155,JD_REACT_01,vercel/commerce,components/welcome-toast.tsx,6,36,AST_EXPORT_PREFIX_DIFF,3761e52e60df9c6a316e067dbfd7032e494d3634,False,True,Content matches source perfectly; first line has 'export'/'export default' omitted by legacy AST node
PAIR_156,JD_REACT_01,hoangtien2k3/ecommerce-microservices,auth-service/src/main/java/com/ecommerce/authservice/controller/AuthController.java,77,93,EXACT_MATCH,394b34ba4699aa54919ff724115c8feb6e78e960,True,True,Content matches start_line..end_line perfectly
PAIR_157,JD_REACT_01,devias-io/material-kit-react,src/components/core/theme-provider/theme-provider.tsx,15,26,EXACT_MATCH,6423e1a2f092c50d7e1e22f3e43344df02af41de,True,True,Content matches start_line..end_line perfectly
PAIR_158,JD_REACT_01,alim1496/simple-react-ecommerce,src/components/BannerPopup.tsx,1,37,EXACT_MATCH,971db13cb0503d036e2a8b37453d459167008fe5,True,True,Content matches start_line..end_line perfectly
PAIR_159,JD_REACT_01,SaiUpadhyayula/spring-reddit-clone,src/main/java/com/programming/techie/springredditclone/controller/PostController.java,22,26,EXACT_MATCH,a1ea13ae8c2390bd44f8b7a240406ccb5d47dc2f,True,True,Content matches start_line..end_line perfectly
PAIR_160,JD_REACT_01,Instagram-Clone-Coding/Spring_instagram-clone,src/main/java/cloneproject/Instagram/domain/alarm/service/AlarmService.java,145,149,EXACT_MATCH,014a9e7d07ee613f462e85b290fb886024f06c08,True,True,Content matches start_line..end_line perfectly
PAIR_161,JD_REACT_02,osopromadze/Spring-Boot-Blog-REST-API,src/main/java/com/sopromadze/blogapi/controller/AlbumController.java,42,45,EXACT_MATCH,29a2558f5dfe9d65cd4ac8f23184f27ce939d0aa,True,True,Content matches start_line..end_line perfectly
PAIR_162,JD_REACT_02,vercel/commerce,components/cart/actions.ts,15,29,AST_EXPORT_PREFIX_DIFF,3761e52e60df9c6a316e067dbfd7032e494d3634,False,True,Content matches source perfectly; first line has 'export'/'export default' omitted by legacy AST node
PAIR_163,JD_REACT_02,ZahraMirzaei/online-shop,components/brands/BrandBox.tsx,1,17,EXACT_MATCH,d1133090b03b1c3b2733b1b3a28b9bcf6a66d6e0,True,True,Content matches start_line..end_line perfectly
PAIR_164,JD_REACT_02,osopromadze/Spring-Boot-Blog-REST-API,src/main/java/com/sopromadze/blogapi/config/AuditingConfig.java,26,37,EXACT_MATCH,29a2558f5dfe9d65cd4ac8f23184f27ce939d0aa,True,True,Content matches start_line..end_line perfectly
PAIR_165,JD_REACT_02,ZahraMirzaei/online-shop,components/carousel/index.tsx,1,46,EXACT_MATCH,d1133090b03b1c3b2733b1b3a28b9bcf6a66d6e0,True,True,Content matches start_line..end_line perfectly
PAIR_166,JD_REACT_02,vercel/commerce,components/price.tsx,1,26,EXACT_MATCH,3761e52e60df9c6a316e067dbfd7032e494d3634,True,True,Content matches start_line..end_line perfectly
PAIR_167,JD_REACT_02,ZahraMirzaei/online-shop,components/cart/CartItem.tsx,38,42,EXACT_MATCH,d1133090b03b1c3b2733b1b3a28b9bcf6a66d6e0,True,True,Content matches start_line..end_line perfectly
PAIR_168,JD_REACT_02,huseynovvusal/spring-blog-api,src/main/java/com/huseynovvusal/springblogapi/config/SecurityConfig.java,78,82,EXACT_MATCH,b7089528b5a4aefd7c89cc83af3d1e4318d0226d,True,True,Content matches start_line..end_line perfectly
PAIR_169,JD_REACT_02,ZahraMirzaei/online-shop,components/brands/index.tsx,1,58,EXACT_MATCH,d1133090b03b1c3b2733b1b3a28b9bcf6a66d6e0,True,True,Content matches start_line..end_line perfectly
PAIR_170,JD_REACT_02,vercel/commerce,components/prose.tsx,1,15,EXACT_MATCH,3761e52e60df9c6a316e067dbfd7032e494d3634,True,True,Content matches start_line..end_line perfectly
PAIR_171,JD_REACT_03,sylvaincodes/youtube_ecommerce,components/modules/custom/Container.tsx,3,11,AST_EXPORT_PREFIX_DIFF,1232c78afab5db02e44d84fb5b07b110e4a236c0,False,True,Content matches source perfectly; first line has 'export'/'export default' omitted by legacy AST node
PAIR_172,JD_REACT_03,HalseySpicy/Hooks-Admin,src/api/index.ts,25,88,EXACT_MATCH,0f0735266b71ca70d619d6ccb47e9a988d992034,True,True,Content matches start_line..end_line perfectly
PAIR_173,JD_REACT_03,hoangtien2k3/ecommerce-microservices,auth-service/src/main/java/com/ecommerce/authservice/controller/RoleController.java,53,57,EXACT_MATCH,394b34ba4699aa54919ff724115c8feb6e78e960,True,True,Content matches start_line..end_line perfectly
PAIR_174,JD_REACT_03,ZahraMirzaei/online-shop,components/Benefits/index.tsx,1,33,EXACT_MATCH,d1133090b03b1c3b2733b1b3a28b9bcf6a66d6e0,True,True,Content matches start_line..end_line perfectly
PAIR_175,JD_REACT_03,osopromadze/Spring-Boot-Blog-REST-API,src/main/java/com/sopromadze/blogapi/config/SecutiryConfig.java,42,60,EXACT_MATCH,29a2558f5dfe9d65cd4ac8f23184f27ce939d0aa,True,True,Content matches start_line..end_line perfectly
PAIR_176,JD_REACT_03,sylvaincodes/youtube_ecommerce,components/modules/custom/Col.tsx,3,13,AST_EXPORT_PREFIX_DIFF,1232c78afab5db02e44d84fb5b07b110e4a236c0,False,True,Content matches source perfectly; first line has 'export'/'export default' omitted by legacy AST node
PAIR_177,JD_REACT_03,vercel/commerce,components/cart/actions.ts,98,101,AST_EXPORT_PREFIX_DIFF,3761e52e60df9c6a316e067dbfd7032e494d3634,False,True,Content matches source perfectly; first line has 'export'/'export default' omitted by legacy AST node
PAIR_178,JD_REACT_03,w3labkr/nextjs14-supabase-blog,app/api/v1/email/verify/route.ts,64,72,EXACT_MATCH,31713fc805180f3abbc460fc455638f2285db254,True,True,Content matches start_line..end_line perfectly
PAIR_179,JD_REACT_03,hoangtien2k3/ecommerce-microservices,auth-service/src/main/java/com/ecommerce/authservice/controller/AuthController.java,98,101,EXACT_MATCH,394b34ba4699aa54919ff724115c8feb6e78e960,True,True,Content matches start_line..end_line perfectly
PAIR_180,JD_REACT_03,vercel/commerce,components/logo-square.tsx,4,23,AST_EXPORT_PREFIX_DIFF,3761e52e60df9c6a316e067dbfd7032e494d3634,False,True,Content matches source perfectly; first line has 'export'/'export default' omitted by legacy AST node
PAIR_181,JD_REACT_04,ZahraMirzaei/online-shop,components/banners/banner-box/BannerBox.tsx,1,59,EXACT_MATCH,d1133090b03b1c3b2733b1b3a28b9bcf6a66d6e0,True,True,Content matches start_line..end_line perfectly
PAIR_182,JD_REACT_04,devias-io/material-kit-react,src/components/core/chart.tsx,1,8,EXACT_MATCH,6423e1a2f092c50d7e1e22f3e43344df02af41de,True,True,Content matches start_line..end_line perfectly
PAIR_183,JD_REACT_04,SaiUpadhyayula/spring-reddit-clone,src/main/java/com/programming/techie/springredditclone/controller/AuthController.java,31,35,EXACT_MATCH,a1ea13ae8c2390bd44f8b7a240406ccb5d47dc2f,True,True,Content matches start_line..end_line perfectly
PAIR_184,JD_REACT_04,ZahraMirzaei/online-shop,components/cart/CartItem.tsx,38,42,EXACT_MATCH,d1133090b03b1c3b2733b1b3a28b9bcf6a66d6e0,True,True,Content matches start_line..end_line perfectly
PAIR_185,JD_REACT_04,osopromadze/Spring-Boot-Blog-REST-API,src/main/java/com/sopromadze/blogapi/config/AuditingConfig.java,26,37,EXACT_MATCH,29a2558f5dfe9d65cd4ac8f23184f27ce939d0aa,True,True,Content matches start_line..end_line perfectly
PAIR_186,JD_REACT_04,SaiUpadhyayula/spring-reddit-clone,src/main/java/com/programming/techie/springredditclone/controller/AuthController.java,24,29,EXACT_MATCH,a1ea13ae8c2390bd44f8b7a240406ccb5d47dc2f,True,True,Content matches start_line..end_line perfectly
PAIR_187,JD_REACT_04,ZahraMirzaei/online-shop,components/carousel/index.tsx,1,46,EXACT_MATCH,d1133090b03b1c3b2733b1b3a28b9bcf6a66d6e0,True,True,Content matches start_line..end_line perfectly
PAIR_188,JD_REACT_04,ZahraMirzaei/online-shop,components/brands/index.tsx,1,58,EXACT_MATCH,d1133090b03b1c3b2733b1b3a28b9bcf6a66d6e0,True,True,Content matches start_line..end_line perfectly
PAIR_189,JD_REACT_04,ZahraMirzaei/online-shop,components/carousel/Arrows.tsx,1,38,EXACT_MATCH,d1133090b03b1c3b2733b1b3a28b9bcf6a66d6e0,True,True,Content matches start_line..end_line perfectly
PAIR_190,JD_REACT_04,devias-io/material-kit-react,src/components/core/theme-provider/theme-provider.tsx,15,26,EXACT_MATCH,6423e1a2f092c50d7e1e22f3e43344df02af41de,True,True,Content matches start_line..end_line perfectly
PAIR_191,JD_REACT_05,Instagram-Clone-Coding/Spring_instagram-clone,src/main/java/cloneproject/Instagram/domain/alarm/service/AlarmService.java,139,143,EXACT_MATCH,014a9e7d07ee613f462e85b290fb886024f06c08,True,True,Content matches start_line..end_line perfectly
PAIR_192,JD_REACT_05,no2ehi/full-amazon-clone,components/admin/product/CreateProduct.tsx,1,60,EXACT_MATCH,bdb2b83a0e6650903ccb8a437981e2c9d07d054c,True,True,Content matches start_line..end_line perfectly
PAIR_193,JD_REACT_05,SaiUpadhyayula/spring-reddit-clone,src/main/java/com/programming/techie/springredditclone/controller/AuthController.java,31,35,EXACT_MATCH,a1ea13ae8c2390bd44f8b7a240406ccb5d47dc2f,True,True,Content matches start_line..end_line perfectly
PAIR_194,JD_REACT_05,alim1496/simple-react-ecommerce,src/components/Cart.tsx,1,60,EXACT_MATCH,971db13cb0503d036e2a8b37453d459167008fe5,True,True,Content matches start_line..end_line perfectly
PAIR_195,JD_REACT_05,Instagram-Clone-Coding/Spring_instagram-clone,src/main/java/cloneproject/Instagram/domain/alarm/controller/AlarmController.java,32,48,EXACT_MATCH,014a9e7d07ee613f462e85b290fb886024f06c08,True,True,Content matches start_line..end_line perfectly
PAIR_196,JD_REACT_05,ZahraMirzaei/online-shop,components/carousel/index.tsx,1,46,EXACT_MATCH,d1133090b03b1c3b2733b1b3a28b9bcf6a66d6e0,True,True,Content matches start_line..end_line perfectly
PAIR_197,JD_REACT_05,sylvaincodes/youtube_ecommerce,components/modules/custom/CategoriesAccordion.tsx,14,83,AST_EXPORT_PREFIX_DIFF,1232c78afab5db02e44d84fb5b07b110e4a236c0,False,True,Content matches source perfectly; first line has 'export'/'export default' omitted by legacy AST node
PAIR_198,JD_REACT_05,ZahraMirzaei/online-shop,components/brands/index.tsx,1,58,EXACT_MATCH,d1133090b03b1c3b2733b1b3a28b9bcf6a66d6e0,True,True,Content matches start_line..end_line perfectly
PAIR_199,JD_REACT_05,w3labkr/nextjs14-supabase-blog,app/api/v1/email/route.ts,41,72,AST_EXPORT_PREFIX_DIFF,31713fc805180f3abbc460fc455638f2285db254,False,True,Content matches source perfectly; first line has 'export'/'export default' omitted by legacy AST node
PAIR_200,JD_REACT_05,w3labkr/nextjs14-supabase-blog,app/api/v1/email/route.ts,6,39,AST_EXPORT_PREFIX_DIFF,31713fc805180f3abbc460fc455638f2285db254,False,True,Content matches source perfectly; first line has 'export'/'export default' omitted by legacy AST node
PAIR_201,JD_REACT_06,ZahraMirzaei/online-shop,components/banners/index.tsx,1,42,EXACT_MATCH,d1133090b03b1c3b2733b1b3a28b9bcf6a66d6e0,True,True,Content matches start_line..end_line perfectly
PAIR_202,JD_REACT_06,alim1496/simple-react-ecommerce,src/components/CartRow.tsx,1,60,EXACT_MATCH,971db13cb0503d036e2a8b37453d459167008fe5,True,True,Content matches start_line..end_line perfectly
PAIR_203,JD_REACT_06,huseynovvusal/spring-blog-api,src/main/java/com/huseynovvusal/springblogapi/controller/AuthenticationController.java,65,76,EXACT_MATCH,b7089528b5a4aefd7c89cc83af3d1e4318d0226d,True,True,Content matches start_line..end_line perfectly
PAIR_204,JD_REACT_06,ZahraMirzaei/online-shop,components/carousel/Arrows.tsx,1,38,EXACT_MATCH,d1133090b03b1c3b2733b1b3a28b9bcf6a66d6e0,True,True,Content matches start_line..end_line perfectly
PAIR_205,JD_REACT_06,alim1496/simple-react-ecommerce,src/components/BannerPopup.tsx,1,37,EXACT_MATCH,971db13cb0503d036e2a8b37453d459167008fe5,True,True,Content matches start_line..end_line perfectly
PAIR_206,JD_REACT_06,SaiUpadhyayula/spring-reddit-clone,src/main/java/com/programming/techie/springredditclone/controller/AuthController.java,24,29,EXACT_MATCH,a1ea13ae8c2390bd44f8b7a240406ccb5d47dc2f,True,True,Content matches start_line..end_line perfectly
PAIR_207,JD_REACT_06,no2ehi/full-amazon-clone,components/admin/categories/CreateCategory.tsx,1,60,EXACT_MATCH,bdb2b83a0e6650903ccb8a437981e2c9d07d054c,True,True,Content matches start_line..end_line perfectly
PAIR_208,JD_REACT_06,no2ehi/full-amazon-clone,components/admin/product/CreateProduct.tsx,1,60,EXACT_MATCH,bdb2b83a0e6650903ccb8a437981e2c9d07d054c,True,True,Content matches start_line..end_line perfectly
PAIR_209,JD_REACT_06,alim1496/simple-react-ecommerce,src/components/Cart.tsx,1,60,EXACT_MATCH,971db13cb0503d036e2a8b37453d459167008fe5,True,True,Content matches start_line..end_line perfectly
PAIR_210,JD_REACT_06,SaiUpadhyayula/spring-reddit-clone,src/main/java/com/programming/techie/springredditclone/controller/AuthController.java,42,45,EXACT_MATCH,a1ea13ae8c2390bd44f8b7a240406ccb5d47dc2f,True,True,Content matches start_line..end_line perfectly
PAIR_211,JD_REACT_07,no2ehi/full-amazon-clone,components/admin/categories/CreateCategory.tsx,1,60,EXACT_MATCH,bdb2b83a0e6650903ccb8a437981e2c9d07d054c,True,True,Content matches start_line..end_line perfectly
PAIR_212,JD_REACT_07,mewebstudio/java-spring-boot-boilerplate,src/main/java/com/mewebstudio/javaspringbootboilerplate/controller/AbstractBaseController.java,16,22,EXACT_MATCH,875cf224b95594e07c4eed9df690a70e7ac3a906,True,True,Content matches start_line..end_line perfectly
PAIR_213,JD_REACT_07,huseynovvusal/spring-blog-api,src/main/java/com/huseynovvusal/springblogapi/config/SecurityConfig.java,107,113,EXACT_MATCH,b7089528b5a4aefd7c89cc83af3d1e4318d0226d,True,True,Content matches start_line..end_line perfectly
PAIR_214,JD_REACT_07,ZahraMirzaei/online-shop,components/carousel/index.tsx,1,46,EXACT_MATCH,d1133090b03b1c3b2733b1b3a28b9bcf6a66d6e0,True,True,Content matches start_line..end_line perfectly
PAIR_215,JD_REACT_07,devias-io/material-kit-react,src/components/core/chart.tsx,1,8,EXACT_MATCH,6423e1a2f092c50d7e1e22f3e43344df02af41de,True,True,Content matches start_line..end_line perfectly
PAIR_216,JD_REACT_07,w3labkr/nextjs14-supabase-blog,app/api/v1/email/list/route.ts,6,30,AST_EXPORT_PREFIX_DIFF,31713fc805180f3abbc460fc455638f2285db254,False,True,Content matches source perfectly; first line has 'export'/'export default' omitted by legacy AST node
PAIR_217,JD_REACT_07,ZahraMirzaei/online-shop,components/cart/CartList.tsx,1,23,EXACT_MATCH,d1133090b03b1c3b2733b1b3a28b9bcf6a66d6e0,True,True,Content matches start_line..end_line perfectly
PAIR_218,JD_REACT_07,ZahraMirzaei/online-shop,components/brands/index.tsx,1,58,EXACT_MATCH,d1133090b03b1c3b2733b1b3a28b9bcf6a66d6e0,True,True,Content matches start_line..end_line perfectly
PAIR_219,JD_REACT_07,alim1496/simple-react-ecommerce,src/components/Cart.tsx,1,60,EXACT_MATCH,971db13cb0503d036e2a8b37453d459167008fe5,True,True,Content matches start_line..end_line perfectly
PAIR_220,JD_REACT_07,rene-kt/spring-restapi-ecommerce,src/main/java/com/rene/ecommerce/services/AuthService.java,34,57,EXACT_MATCH,c96605e2a6d718727e27c2616c272024e86c822a,True,True,Content matches start_line..end_line perfectly
PAIR_221,JD_REACT_08,no2ehi/full-amazon-clone,components/admin/product/CreateProduct.tsx,1,60,EXACT_MATCH,bdb2b83a0e6650903ccb8a437981e2c9d07d054c,True,True,Content matches start_line..end_line perfectly
PAIR_222,JD_REACT_08,Instagram-Clone-Coding/Spring_instagram-clone,src/main/java/cloneproject/Instagram/domain/alarm/service/AlarmService.java,49,69,EXACT_MATCH,014a9e7d07ee613f462e85b290fb886024f06c08,True,True,Content matches start_line..end_line perfectly
PAIR_223,JD_REACT_08,devias-io/material-kit-react,src/components/auth/reset-password-form.tsx,24,77,AST_EXPORT_PREFIX_DIFF,6423e1a2f092c50d7e1e22f3e43344df02af41de,False,True,Content matches source perfectly; first line has 'export'/'export default' omitted by legacy AST node
PAIR_224,JD_REACT_08,alim1496/simple-react-ecommerce,src/components/Cart.tsx,1,60,EXACT_MATCH,971db13cb0503d036e2a8b37453d459167008fe5,True,True,Content matches start_line..end_line perfectly
PAIR_225,JD_REACT_08,hoangtien2k3/ecommerce-microservices,auth-service/src/main/java/com/ecommerce/authservice/controller/AuthController.java,77,93,EXACT_MATCH,394b34ba4699aa54919ff724115c8feb6e78e960,True,True,Content matches start_line..end_line perfectly
PAIR_226,JD_REACT_08,no2ehi/full-amazon-clone,components/admin/categories/CreateCategory.tsx,1,60,EXACT_MATCH,bdb2b83a0e6650903ccb8a437981e2c9d07d054c,True,True,Content matches start_line..end_line perfectly
PAIR_227,JD_REACT_08,ZahraMirzaei/online-shop,components/carousel/Slide.tsx,1,40,EXACT_MATCH,d1133090b03b1c3b2733b1b3a28b9bcf6a66d6e0,True,True,Content matches start_line..end_line perfectly
PAIR_228,JD_REACT_08,ZahraMirzaei/online-shop,components/carousel/index.tsx,1,46,EXACT_MATCH,d1133090b03b1c3b2733b1b3a28b9bcf6a66d6e0,True,True,Content matches start_line..end_line perfectly
PAIR_229,JD_REACT_08,osopromadze/Spring-Boot-Blog-REST-API,src/main/java/com/sopromadze/blogapi/BlogApiApplication.java,33,36,EXACT_MATCH,29a2558f5dfe9d65cd4ac8f23184f27ce939d0aa,True,True,Content matches start_line..end_line perfectly
PAIR_230,JD_REACT_08,alim1496/simple-react-ecommerce,src/components/CustomPopup.tsx,1,60,EXACT_MATCH,971db13cb0503d036e2a8b37453d459167008fe5,True,True,Content matches start_line..end_line perfectly
PAIR_231,JD_REACT_09,alim1496/simple-react-ecommerce,src/components/Banner.tsx,1,21,EXACT_MATCH,971db13cb0503d036e2a8b37453d459167008fe5,True,True,Content matches start_line..end_line perfectly
PAIR_232,JD_REACT_09,HalseySpicy/Hooks-Admin,src/components/ErrorMessage/404.tsx,1,25,EXACT_MATCH,0f0735266b71ca70d619d6ccb47e9a988d992034,True,True,Content matches start_line..end_line perfectly
PAIR_233,JD_REACT_09,hoangtien2k3/ecommerce-microservices,auth-service/src/main/java/com/ecommerce/authservice/controller/AuthController.java,77,93,EXACT_MATCH,394b34ba4699aa54919ff724115c8feb6e78e960,True,True,Content matches start_line..end_line perfectly
PAIR_234,JD_REACT_09,SaiUpadhyayula/spring-reddit-clone,src/main/java/com/programming/techie/springredditclone/controller/AuthController.java,42,45,EXACT_MATCH,a1ea13ae8c2390bd44f8b7a240406ccb5d47dc2f,True,True,Content matches start_line..end_line perfectly
PAIR_235,JD_REACT_09,rene-kt/spring-restapi-ecommerce,src/main/java/com/rene/ecommerce/services/AuthService.java,61,64,EXACT_MATCH,c96605e2a6d718727e27c2616c272024e86c822a,True,True,Content matches start_line..end_line perfectly
PAIR_236,JD_REACT_09,devias-io/material-kit-react,src/components/auth/layout.tsx,14,68,AST_EXPORT_PREFIX_DIFF,6423e1a2f092c50d7e1e22f3e43344df02af41de,False,True,Content matches source perfectly; first line has 'export'/'export default' omitted by legacy AST node
PAIR_237,JD_REACT_09,alim1496/simple-react-ecommerce,src/components/Footer.tsx,1,18,EXACT_MATCH,971db13cb0503d036e2a8b37453d459167008fe5,True,True,Content matches start_line..end_line perfectly
PAIR_238,JD_REACT_09,no2ehi/full-amazon-clone,components/admin/categories/CreateCategory.tsx,1,60,EXACT_MATCH,bdb2b83a0e6650903ccb8a437981e2c9d07d054c,True,True,Content matches start_line..end_line perfectly
PAIR_239,JD_REACT_09,alim1496/simple-react-ecommerce,src/components/CustomPopup.tsx,1,60,EXACT_MATCH,971db13cb0503d036e2a8b37453d459167008fe5,True,True,Content matches start_line..end_line perfectly
PAIR_240,JD_REACT_09,ZahraMirzaei/online-shop,components/carousel/Slide.tsx,1,40,EXACT_MATCH,d1133090b03b1c3b2733b1b3a28b9bcf6a66d6e0,True,True,Content matches start_line..end_line perfectly
PAIR_241,JD_REACT_10,SaiUpadhyayula/spring-reddit-clone,src/main/java/com/programming/techie/springredditclone/controller/PostController.java,28,31,EXACT_MATCH,a1ea13ae8c2390bd44f8b7a240406ccb5d47dc2f,True,True,Content matches start_line..end_line perfectly
PAIR_242,JD_REACT_10,alim1496/simple-react-ecommerce,src/components/CustomPopup.tsx,1,60,EXACT_MATCH,971db13cb0503d036e2a8b37453d459167008fe5,True,True,Content matches start_line..end_line perfectly
PAIR_243,JD_REACT_10,alim1496/simple-react-ecommerce,src/components/CartRow.tsx,1,60,EXACT_MATCH,971db13cb0503d036e2a8b37453d459167008fe5,True,True,Content matches start_line..end_line perfectly
PAIR_244,JD_REACT_10,rimmelasghar/SpringBoot-boilerPlate,src/main/java/com/rimmelasghar/boilerplate/springboot/controller/RegistrationController.java,22,28,EXACT_MATCH,d561adadaf94215b05b6f95cd0ba54a29cf5d69f,True,True,Content matches start_line..end_line perfectly
PAIR_245,JD_REACT_10,vercel/commerce,components/welcome-toast.tsx,6,36,AST_EXPORT_PREFIX_DIFF,3761e52e60df9c6a316e067dbfd7032e494d3634,False,True,Content matches source perfectly; first line has 'export'/'export default' omitted by legacy AST node
PAIR_246,JD_REACT_10,ZahraMirzaei/online-shop,components/cart/CartList.tsx,1,23,EXACT_MATCH,d1133090b03b1c3b2733b1b3a28b9bcf6a66d6e0,True,True,Content matches start_line..end_line perfectly
PAIR_247,JD_REACT_10,Instagram-Clone-Coding/Spring_instagram-clone,src/main/java/cloneproject/Instagram/domain/alarm/service/AlarmService.java,49,69,EXACT_MATCH,014a9e7d07ee613f462e85b290fb886024f06c08,True,True,Content matches start_line..end_line perfectly
PAIR_248,JD_REACT_10,alim1496/simple-react-ecommerce,src/components/Cart.tsx,1,60,EXACT_MATCH,971db13cb0503d036e2a8b37453d459167008fe5,True,True,Content matches start_line..end_line perfectly
PAIR_249,JD_REACT_10,alim1496/simple-react-ecommerce,src/components/BannerPopup.tsx,1,37,EXACT_MATCH,971db13cb0503d036e2a8b37453d459167008fe5,True,True,Content matches start_line..end_line perfectly
PAIR_250,JD_REACT_10,vercel/commerce,components/cart/actions.ts,54,96,AST_EXPORT_PREFIX_DIFF,3761e52e60df9c6a316e067dbfd7032e494d3634,False,True,Content matches source perfectly; first line has 'export'/'export default' omitted by legacy AST node
