"repo_id","repo_name","url","language","build_config","size_kb","stars","last_pushed","is_fork","commits_check","http_status","domain","key_technologies","description"
"JAVA_01","devdcores/BookStoreApp-Distributed-Application","https://github.com/devdcores/BookStoreApp-Distributed-Application","Java","pom.xml / build.gradle","10597","42","2023-07-03","False",">= 10 (Verified)","200","E-Commerce / Bookstore","Java 17, Spring Boot, Spring Data JPA, Spring Security, JWT, MySQL, REST API","Ứng dụng thương mại điện tử nhà sách phân tán sử dụng Spring Boot, cấu trúc phân tầng Controller-Service-Repository chuẩn mực, tích hợp JWT và JPA."
"JAVA_02","hoangtien2k3/ecommerce-microservices","https://github.com/hoangtien2k3/ecommerce-microservices","Java","pom.xml / build.gradle","9091","115","2026-09-19","False",">= 10 (Verified)","200","Microservices E-Commerce","Java 17, Spring Boot 3, Spring Cloud, Apache Kafka, WebFlux, Spring Security, JWT, OAuth2, MySQL","Hệ thống thương mại điện tử kiến trúc Microservices hiện đại của lập trình viên Việt Nam, sử dụng Spring Boot 3, Kafka, JWT/OAuth2 và Docker."
"JAVA_03","rene-kt/spring-restapi-ecommerce","https://github.com/rene-kt/spring-restapi-ecommerce","Java","pom.xml / build.gradle","204","19","2023-04-24","False",">= 10 (Verified)","200","E-Commerce REST API","Java 17, Spring Boot, Spring Data JPA, Hibernate, Bean Validation, RESTful API, MySQL","Dự án RESTful API thương mại điện tử viết theo tiêu chuẩn Clean Code, tách biệt DTO/Entity rõ ràng, không chứa mã rác cấu hình phức tạp."
"JAVA_04","Snailclimb/spring-security-jwt-guide","https://github.com/Snailclimb/spring-security-jwt-guide","Java","pom.xml / build.gradle","2264","1447","2025-05-26","False",">= 10 (Verified)","200","Authentication & RBAC","Java 21, Spring Boot 3.5, Spring Security 6, JWT, RBAC, Spring Data JPA, MySQL","Dự án mẫu chuẩn mực triển khai xác thực và phân quyền Role-Based Access Control (RBAC) với Spring Security 6, JWT Filter và Spring Data JPA."
"JAVA_05","osopromadze/Spring-Boot-Blog-REST-API","https://github.com/osopromadze/Spring-Boot-Blog-REST-API","Java","pom.xml / build.gradle","312","872","2024-07-31","False",">= 10 (Verified)","200","Social & Blog API","Java 17, Spring Boot, Spring Security, JWT, Spring Data JPA, Hibernate, MySQL, Pagination","Hệ thống RESTful CRUD Blog API hoàn chỉnh sử dụng Spring Boot, Spring Security, JWT, phân trang Pageable và xử lý ngoại lệ tập trung."
"JAVA_06","SaiUpadhyayula/spring-reddit-clone","https://github.com/SaiUpadhyayula/spring-reddit-clone","Java","pom.xml / build.gradle","472","725","2024-02-16","False",">= 10 (Verified)","200","Social Media / Community","Java 17, Spring Boot, Spring Security, JWT, Refresh Token, Spring Data JPA, MySQL, JavaMailSender, MapStruct","Bản sao mạng xã hội Reddit phần Backend xây dựng bằng Spring Boot, tích hợp JWT + Refresh Token, MapStruct, gửi email bất đồng bộ và MySQL."
"JAVA_07","mewebstudio/java-spring-boot-boilerplate","https://github.com/mewebstudio/java-spring-boot-boilerplate","Java","pom.xml / build.gradle","185","113","2024-04-11","False",">= 10 (Verified)","200","Enterprise Starter / SaaS API","Java 17, Spring Boot 3, Spring Security, JWT, Spring Data JPA, PostgreSQL, Redis, Liquibase, Swagger","Dự án khung chuẩn doanh nghiệp sử dụng Spring Boot 3, PostgreSQL, Redis Cache, quản lý migration với Liquibase và xác thực JWT."
"JAVA_08","Instagram-Clone-Coding/Spring_instagram-clone","https://github.com/Instagram-Clone-Coding/Spring_instagram-clone","Java","pom.xml / build.gradle","1349","107","2023-03-21","False",">= 10 (Verified)","200","Social Network & Real-time Chat","Java 17, Spring Boot, Spring Security, JWT, JPA, QueryDSL, Redis, WebSocket STOMP, JUnit 5, Mockito, AWS S3","Hệ thống Backend mạng xã hội chia sẻ ảnh và chat thời gian thực tích hợp WebSocket STOMP, QueryDSL, Redis, tải file AWS S3 và Unit Test JUnit 5/Mockito."
"JAVA_09","rimmelasghar/SpringBoot-boilerPlate","https://github.com/rimmelasghar/SpringBoot-boilerPlate","Java","pom.xml / build.gradle","307","76","2023-10-19","False",">= 10 (Verified)","200","REST API & User Management","Java 17, Spring Boot 3.1, Spring Data JPA, Bean Validation, Spring Security, JWT, MySQL, MapStruct, Docker, Swagger","Ứng dụng Backend chuẩn hóa với Spring Boot 3.1, kiểm tra hợp lệ dữ liệu Bean Validation, ánh xạ DTO bằng MapStruct, bảo mật JWT và Docker."
"JAVA_10","huseynovvusal/spring-blog-api","https://github.com/huseynovvusal/spring-blog-api","Java","pom.xml / build.gradle","294","49","2026-09-18","False",">= 10 (Verified)","200","Content Publishing & Blog","Java 17, Spring Boot 3, Spring Security, JWT, PostgreSQL, Spring Data JPA, Resilience4j, Spring Mail, JUnit, Docker","Hệ thống RESTful API nền tảng Blog hiện đại sử dụng Spring Boot, PostgreSQL, chống lỗi Resilience4j, dịch vụ gửi email và kiểm thử JUnit."
"JAVA_11","Rapter1990/parkinglot","https://github.com/Rapter1990/parkinglot","Java","pom.xml / build.gradle","11449","41","2024-05-21","False",">= 10 (Verified)","200","Parking & Booking Management","Java 17, Spring Boot, Maven, Spring Data JPA, Spring Security, JWT, MySQL, JUnit 5, Testcontainers, Liquibase, AOP, Docker","Hệ thống quản lý bãi đỗ xe và đặt chỗ viết bằng Java 17 và Spring Boot, áp dụng AOP logging, Liquibase, kiểm thử JUnit 5 và Testcontainers."
"JAVA_12","jhcode33/react-spring-blog-backend","https://github.com/jhcode33/react-spring-blog-backend","Java","pom.xml / build.gradle","215","25","2024-04-09","False",">= 10 (Verified)","200","Board & Community API","Java 17, Spring Boot, Spring Data JPA, Spring Security, JWT, MySQL, RESTful API, Pagination","Dự án Backend quản lý bài viết, bình luận và tệp đính kèm sử dụng Spring Boot, Spring Data JPA, phân trang và xác thực JWT."
"JAVA_13","Angel-Raa/spring-security-jwt-authentication-and-authorization","https://github.com/Angel-Raa/spring-security-jwt-authentication-and-authorization","Java","pom.xml / build.gradle","289","18","2025-07-16","False",">= 10 (Verified)","200","Security & Access Control","Java 17, Spring Boot 3, Spring Security 6, JWT Token, RBAC, Spring Data JPA, PostgreSQL, Docker Compose","Dự án chuyên sâu về luồng xác thực và phân quyền người dùng trên Spring Boot 3, Spring Security 6 với cơ sở dữ liệu PostgreSQL."
"JAVA_14","rocketbase-io/commons-auth","https://github.com/rocketbase-io/commons-auth","Java","pom.xml / build.gradle","1470","18","2024-08-22","False",">= 10 (Verified)","200","Identity & Auth Service","Java 17, Spring Boot, Spring MVC, Spring Security, JWT, Refresh Token, Password Reset, JPA, REST API","Phân hệ quản lý định danh, đăng ký, khôi phục mật khẩu qua email và cấp phát JWT/Refresh Token sử dụng Spring Boot và Spring MVC."
"JAVA_15","sosow0212/community","https://github.com/sosow0212/community","Java","pom.xml / build.gradle","526","16","2023-06-18","False",">= 10 (Verified)","200","Community Portal Backend","Java 17, Spring Boot, Spring Security, JWT, Spring Data JPA, MySQL, Redis, JUnit 5, Bean Validation, Swagger","Máy chủ API cổng thông tin cộng đồng sử dụng Spring Boot, tích hợp lưu đệm Redis, kiểm tra đầu vào Validation, bảo mật JWT và Unit Test JUnit 5."
"JAVA_16","krkarma777/online-store","https://github.com/krkarma777/online-store","Java","pom.xml / build.gradle","1827","13","2024-05-02","False",">= 10 (Verified)","200","E-Commerce & Payment","Java 17, Spring Boot, Spring Security 6, JWT, OAuth2, Hibernate/JPA, PayPal Payment API, RESTful API","Nền tảng thương mại điện tử xây dựng trên JDK 17 và Spring Boot, tích hợp đăng nhập OAuth2/JWT và cổng thanh toán trực tuyến PayPal."
"JAVA_17","LuckyKuang/springboot-base-project","https://github.com/LuckyKuang/springboot-base-project","Java","pom.xml / build.gradle","304","12","2024-04-19","False",">= 10 (Verified)","200","Enterprise Backend Core","Java 17, Spring Boot 3.0, Spring Security 6.0, Java-JWT, Spring Data JPA, MySQL 8, Spring Data Redis, OpenAPI 3","Dự án cơ sở hạ tầng Backend hiện đại dùng Spring Boot 3.0, Spring Security 6.0, Spring Data JPA, tích hợp Redis Cache và tài liệu OpenAPI."
"JAVA_18","Angel-Concha-Layme/Fake-Store-API","https://github.com/Angel-Concha-Layme/Fake-Store-API","Java","pom.xml / build.gradle","151","11","2024-04-20","False",">= 10 (Verified)","200","Retail & Product Catalog API","Java 17, Spring Boot, Spring Security, JWT, Spring Data JPA, Dynamic Filtering, Pagination, MySQL","Dịch vụ API cửa hàng trực tuyến cung cấp đầy đủ thao tác CRUD, xác thực JWT, lọc sản phẩm đa tiêu chí (Filtering) và phân trang trên MySQL."
"JAVA_19","mdtalalwasim/blog-application-spring-boot-rest-api","https://github.com/mdtalalwasim/blog-application-spring-boot-rest-api","Java","pom.xml / build.gradle","218","10","2024-05-26","False",">= 10 (Verified)","200","CMS & Blog Platform","Java 17, Spring Boot, Spring Security, RBAC, JWT, Spring Data JPA, Hibernate, DTO Pattern, Pagination, MySQL, Swagger","Ứng dụng REST API quản lý nội dung sử dụng Spring Boot, phân quyền theo vai trò (Role-based Auth), DTO Pattern, quan hệ OneToMany/ManyToMany và Swagger."
"JAVA_20","f-lab-edu/fast-shoppers","https://github.com/f-lab-edu/fast-shoppers","Java","pom.xml / build.gradle","223","7","2024-03-16","False",">= 10 (Verified)","200","Flash-Sale E-Commerce","Java 17, Spring Boot, Spring Data JPA, JWT, MySQL, Redis Caching & Locking, JUnit 5, Docker Compose","Hệ thống mua sắm trực tuyến chuyên xử lý đặt hàng số lượng giới hạn (Flash-sale), ứng dụng Redis kiểm soát đồng thời, JPA, JWT và JUnit."
"JAVA_21","BSSM-BSM/BSM-Backend-V2","https://github.com/BSSM-BSM/BSM-Backend-V2","Java","pom.xml / build.gradle","2933","6","2026-05-20","False",">= 10 (Verified)","200","EdTech / School Management","Java 17, Spring Boot, Spring Security, JWT, OAuth2, Spring Data JPA, QueryDSL, Redis, MySQL","Hệ thống Backend quản lý trường học và học vụ trực tuyến sử dụng Spring Boot, truy vấn động QueryDSL, lưu đệm Redis và xác thực OAuth2/JWT."
"JAVA_22","Angel-Raa/API-Blog","https://github.com/Angel-Raa/API-Blog","Java","pom.xml / build.gradle","233","6","2024-01-11","False",">= 10 (Verified)","200","RESTful Web Service","Java 17, Spring Boot 3, Spring Security 6, JWT, PostgreSQL, Spring Data JPA, Hibernate, Docker","Hệ thống RESTful API phát triển trên Spring Boot 3 và Spring Security 6, quản lý dữ liệu với PostgreSQL, Spring Data JPA và đóng gói Docker."
"JAVA_23","BogdanPryadko4853/microservice-store-main","https://github.com/BogdanPryadko4853/microservice-store-main","Java","pom.xml / build.gradle","716","6","2025-07-21","False",">= 10 (Verified)","200","Microservices & User/Store","Java 17, Spring Boot 3, Spring Cloud, Spring Security, RBAC, JWT, JPA/Hibernate, PostgreSQL, JavaMailSender, Docker","Hệ thống Microservice quản lý người dùng, phân quyền RBAC, xác thực JWT, gửi thông báo Email và kết nối PostgreSQL qua JPA/Hibernate."
"JAVA_24","CleilsonAndrade/park-api","https://github.com/CleilsonAndrade/park-api","Java","pom.xml / build.gradle","643","6","2025-10-25","False",">= 10 (Verified)","200","POS & Parking Reporting","Java 17, Spring Boot 3, Spring Security, JWT, Spring Data JPA, MySQL, JasperReports PDF Export, JUnit 5, Swagger","Hệ thống quản lý check-in/check-out và thanh toán bãi đỗ xe với Spring Boot, tích hợp xuất báo cáo PDF bằng JasperReports, JWT, JPA và JUnit."
"JAVA_25","CleilsonAndrade/gestao-vagas-api","https://github.com/CleilsonAndrade/gestao-vagas-api","Java","pom.xml / build.gradle","241","5","2024-08-19","False",">= 10 (Verified)","200","HRTech / Job Vacancy Portal","Java 17, Spring Boot 3, Spring Security, JWT, Spring Data JPA, PostgreSQL, JUnit 5, Mockito, Maven, Docker","Hệ thống REST API cổng thông tin tuyển dụng quản lý doanh nghiệp, vị trí việc làm (JD) và hồ sơ ứng viên ứng tuyển, bảo mật bằng JWT và kiểm thử JUnit/Mockito."
