jd_id,title,ast_s1_ndcg1,ast_s2_ndcg1,line_s1_ndcg1,line_s2_ndcg1,ast_s1_ndcg5,ast_s2_ndcg5,line_s1_ndcg5,line_s2_ndcg5
JD_JAVA_01,Backend Developer (Java / Spring Boot),0.5,1.0,0.5,0.5,0.7979793149825536,0.88549505236793,0.6960556048694746,0.7198175284296092
JD_JAVA_02,Junior Java Developer,0.5,1.0,0.5,0.5,0.7816302507053067,0.9562707599036264,0.7816302507053067,0.8063381748228982
JD_JAVA_03,Java Backend Fresher,0.5,0.5,0.5,0.5,0.8470858852562799,0.8756769827188949,0.7530391532426916,0.6589924212291034
JD_JAVA_04,Java Microservices Fresher,0.5,1.0,0.5,0.5,0.7283312291251001,0.8622240278900382,0.6438542785953449,0.7283312291251001
JD_JAVA_05,Backend Developer (Java/Spring Boot),0.5,0.5,0.5,0.5,0.7530391532426916,0.6438542785953449,0.7379010106089332,0.8375161037724467
JD_JAVA_06,Fresher Java Backend Engineer,0.5,0.5,0.5,0.5,0.7742173914224189,0.7979793149825536,0.6834743673504836,0.6370279037122587
JD_JAVA_07,Java API Developer,1.0,1.0,1.0,0.5,0.78679862894141,1.0,0.7245436410976352,0.8887223390544889
JD_JAVA_08,Junior Java Software Engineer,0.5,1.0,0.5,0.5,0.8558112355261802,1.0,0.8733683229467235,0.7798963544352987
JD_JAVA_09,Java Backend Intern,0.5,1.0,0.5,0.5,0.7808501729798932,0.8757862866154155,0.6652642201270018,0.6652642201270018
JD_JAVA_10,Fresher Backend Developer,0.5,1.0,0.5,0.5,0.6621903787502408,0.9557034395662896,0.5588661171593143,0.7040090042240594
JD_JAVA_11,Java Backend Developer,1.0,1.0,1.0,0.5,0.9092569759280646,0.9013035765734799,0.8775416530133452,0.7979793149825536
JD_JAVA_12,Junior Java Developer,0.5,1.0,1.0,0.5,0.8656392231763174,0.9519475762801467,0.7011879580557383,0.4426134678474713
JD_JAVA_13,Java Backend Fresher,1.0,1.0,0.5,1.0,1.0,1.0,0.8447122853992027,1.0
JD_JAVA_14,Backend Engineer (Java / Spring Boot),0.5,1.0,0.5,0.5,0.7637012590219477,0.9015629611050541,0.7414255097917329,0.7808501729798932
JD_JAVA_15,Java Backend Fresher,0.5,0.5,0.5,0.5,0.830419897363192,0.7573857224418385,0.7573857224418385,0.7456298460447879
JD_REACT_01,Frontend Developer Fresher (ReactJS / TypeScript),0.5,0.5,0.5,1.0,0.5250996224641653,0.7093099131463181,0.6589924212291034,0.9467009784197933
JD_REACT_02,ReactJS / TypeScript Intern,1.0,1.0,1.0,1.0,1.0,0.830419897363192,1.0,0.8687949224876582
JD_REACT_03,Fullstack TypeScript Fresher,0.5,1.0,1.0,1.0,0.8223779611386884,0.6837003453466949,0.9467009784197933,0.6589924212291034
JD_REACT_04,Frontend Engineer,0.5,1.0,1.0,1.0,0.7291795584729036,1.0,0.8733683229467235,1.0
JD_REACT_05,Next.js & TypeScript Frontend Developer,1.0,1.0,1.0,1.0,0.8421757737602428,0.7691415988388896,0.8421757737602428,0.934397461243829
JD_REACT_06,Junior ReactJS Developer,1.0,1.0,0.5,0.5,0.7691415988388896,0.8930068676327362,0.764817358607021,0.830419897363192
JD_REACT_07,Frontend Developer Intern/Fresher,0.5,0.5,0.5,0.5,0.7816302507053067,0.7816302507053067,0.7816302507053067,0.8756769827188949
JD_REACT_08,React TypeScript Fresher,1.0,1.0,1.0,1.0,0.9557034395662896,0.8310951893751204,0.9557034395662896,0.8775416530133452
JD_REACT_09,Frontend Web Developer,0.5,1.0,0.5,1.0,0.5593773280655898,0.6399711052503213,0.6342844971115119,0.9467009784197933
JD_REACT_10,Fullstack React & TypeScript Developer,0.0,1.0,1.0,1.0,0.6608397947263839,1.0,0.8687949224876582,1.0
