jd_id,title,ast_ndcg5,line_dense_ndcg5,line_bm25_ndcg5,ast_mrr,line_dense_mrr,ast_ctx_p5,line_dense_ctx_p5
JD_JAVA_01,Backend Developer (Java / Spring Boot),0.7979793149825536,0.6960556048694746,0.7198175284296092,1.0,1.0,1.0,1.0
JD_JAVA_02,Junior Java Developer,0.7816302507053067,0.7816302507053067,0.5099614798304068,1.0,1.0,1.0,1.0
JD_JAVA_03,Java Backend Fresher,0.8470858852562799,0.7530391532426916,0.5905552570151383,1.0,1.0,1.0,1.0
JD_JAVA_04,Java Microservices Fresher,0.7283312291251001,0.6438542785953449,0.41203157447179495,1.0,1.0,1.0,1.0
JD_JAVA_05,Backend Developer (Java/Spring Boot),0.7530391532426916,0.7379010106089332,0.7244480557800764,1.0,1.0,1.0,1.0
JD_JAVA_06,Fresher Java Backend Engineer,0.7742173914224189,0.6834743673504836,0.35039085876875026,1.0,1.0,1.0,1.0
JD_JAVA_07,Java API Developer,0.78679862894141,0.7245436410976352,0.7371248786166262,1.0,1.0,1.0,1.0
JD_JAVA_08,Junior Java Software Engineer,0.8558112355261802,0.8733683229467235,0.7753926834409677,1.0,1.0,1.0,1.0
JD_JAVA_09,Java Backend Intern,0.7808501729798932,0.6652642201270018,0.6566364595953088,1.0,1.0,1.0,1.0
JD_JAVA_10,Fresher Backend Developer,0.6621903787502408,0.5588661171593143,0.33308350858173336,1.0,1.0,0.95,0.8875
JD_JAVA_11,Java Backend Developer,0.9092569759280646,0.8775416530133452,0.7608868021767609,1.0,1.0,1.0,1.0
JD_JAVA_12,Junior Java Developer,0.8656392231763174,0.7011879580557383,0.5324227462107244,1.0,1.0,1.0,1.0
JD_JAVA_13,Java Backend Fresher,1.0,0.8447122853992027,0.5869452602983186,1.0,1.0,1.0,1.0
JD_JAVA_14,Backend Engineer (Java / Spring Boot),0.7637012590219477,0.7414255097917329,0.5891029304622706,1.0,1.0,1.0,1.0
JD_JAVA_15,Java Backend Fresher,0.830419897363192,0.7573857224418385,0.6621484664716257,1.0,1.0,1.0,1.0
JD_REACT_01,Frontend Developer Fresher (ReactJS / TypeScript),0.5250996224641653,0.6589924212291034,0.49094016385162487,1.0,1.0,0.8666666666666667,0.95
JD_REACT_02,ReactJS / TypeScript Intern,1.0,1.0,0.639945385422766,1.0,1.0,1.0,1.0
JD_REACT_03,Fullstack TypeScript Fresher,0.8223779611386884,0.9467009784197933,0.6837003453466949,1.0,1.0,1.0,1.0
JD_REACT_04,Frontend Engineer,0.7291795584729036,0.8733683229467235,1.0,1.0,1.0,0.8875,0.8875
JD_REACT_05,Next.js & TypeScript Frontend Developer,0.8421757737602428,0.8421757737602428,0.7234267649959281,1.0,1.0,1.0,1.0
JD_REACT_06,Junior ReactJS Developer,0.7691415988388896,0.764817358607021,0.7840048711692542,1.0,1.0,0.95,1.0
JD_REACT_07,Frontend Developer Intern/Fresher,0.7816302507053067,0.7816302507053067,0.7626089347265247,1.0,1.0,1.0,1.0
JD_REACT_08,React TypeScript Fresher,0.9557034395662896,0.9557034395662896,0.88549505236793,1.0,1.0,1.0,1.0
JD_REACT_09,Frontend Web Developer,0.5593773280655898,0.6342844971115119,0.8622240278900382,1.0,1.0,1.0,0.95
JD_REACT_10,Fullstack React & TypeScript Developer,0.6608397947263839,0.8687949224876582,0.5531464700081437,0.5,1.0,0.6791666666666667,1.0
