config_id,tier,chunking,header,ndcg_10_mean,ndcg_10_std,ndcg_5_mean,ndcg_5_std,ndcg_3_mean,ndcg_3_std,ndcg_1_mean,ndcg_1_std,mrr_10_mean,mrr_10_std,p5_mean,p5_std,recall_10_mean,recall_10_std,f1_5_mean,f1_5_std,cp_5_mean,cp_10_mean,judged_10_mean
bm25_line_no_header,BM25,Line (50 LOC),No-Header,0.10431489961133306,0.09159610940288834,0.10640082666868537,0.13195301747247468,0.11284951082159296,0.188399487842269,0.14,0.30066592756745814,0.337031746031746,0.355987066668401,0.128,0.13717142559585796,0.07090430965663164,0.05213111954423622,0.05794381025265398,0.06114787206651178,0.28600000000000003,0.29725396825396827,0.136
bm25_line_with_header,BM25,Line (50 LOC),With-Header,0.12861794627600034,0.09074435206475875,0.1259393108403372,0.13236229942981742,0.1440318272166053,0.1838533049137677,0.14,0.30066592756745814,0.4048253968253968,0.3376781778206375,0.168,0.16666133324799728,0.09151445326334276,0.05713875848574127,0.07272828503712876,0.06832634129643139,0.3612222222222222,0.35708730158730156,0.18
bm25_ast_no_header,BM25,AST Method,No-Header,0.18713083280573428,0.10753468132649537,0.17280206994384664,0.12126695631881526,0.1708556558813072,0.14735483409127953,0.08,0.2315167380558045,0.4091111111111111,0.2656223997694081,0.288,0.19661129163911212,0.14832560741781364,0.08646125805522556,0.12087300537315343,0.07962407910189463,0.392,0.4074722222222222,0.304
bm25_ast_with_header,BM25,AST Method,With-Header,0.17025549826685996,0.1245672047327973,0.16698752351551804,0.13256740628212738,0.1514049329711437,0.15585116939168403,0.08,0.2315167380558045,0.3947142857142857,0.28066936512025464,0.248,0.17232527382830412,0.12013551222711272,0.08373369637675974,0.10848156299910236,0.07611412596242605,0.36566666666666664,0.361109410430839,0.24400000000000002
dense_line_no_header,Dense (BGE-M3),Line (50 LOC),No-Header,0.44552700559937086,0.16993432058020894,0.5120471765819392,0.20493077798323917,0.5930907412233553,0.2681007037722708,0.6,0.3464101615137755,0.9033333333333334,0.22568414506414344,0.6399999999999999,0.2262741699796952,0.265058923054481,0.08184371999088962,0.27277257762055174,0.08511248003881054,0.8802222222222221,0.7699075585789871,0.592
dense_line_with_header,Dense (BGE-M3),Line (50 LOC),With-Header,0.45036877039344736,0.13208533305228853,0.5389178686828184,0.20676781715353013,0.6001819440824835,0.24421059096116599,0.58,0.3370459909270544,0.9133333333333334,0.2006655592438988,0.7040000000000001,0.21256528408938274,0.2726840154879595,0.04741681137023863,0.30148513667673715,0.0732369149748515,0.8631111111111112,0.7956191232048374,0.572
dense_ast_no_header,Dense (BGE-M3),AST Method,No-Header,0.3196011300780486,0.13223519511796777,0.37827410835877706,0.16280448074401943,0.42569902164318585,0.20585410426948295,0.48,0.36000000000000004,0.8066666666666665,0.3289039035611736,0.568,0.25095019426173,0.21672912528909297,0.08745369871933152,0.24060402782233445,0.10216348536295015,0.7766666666666667,0.7068330687830686,0.5479999999999999
dense_ast_with_header,Dense (BGE-M3),AST Method,With-Header,0.4081797440470553,0.14706828614814363,0.490668600076607,0.1952595682001773,0.5938557452045512,0.2437970560058118,0.66,0.33823069050575527,0.9,0.2748737083745107,0.584,0.252475741408952,0.23556739824689746,0.07998449429497738,0.247595414501593,0.10465838593527527,0.8503888888888889,0.7764021164021163,0.544
rerank_line_no_header,Re-rank (Cross-Encoder),Line (50 LOC),No-Header,0.470324027969814,0.13981660412336966,0.587263017098843,0.15759771641136133,0.7028588177344084,0.21525651287239247,0.74,0.34985711369071804,0.9333333333333335,0.18257418583505536,0.6560000000000001,0.17453939383417144,0.24576522615895346,0.06733939795340521,0.2814064332301511,0.06193435210792324,0.8877222222222223,0.8122208616780044,0.5640000000000001
rerank_line_with_header,Re-rank (Cross-Encoder),Line (50 LOC),With-Header,0.49940095934591305,0.11967480562857993,0.6303175858229336,0.17667507171174188,0.7359495589577637,0.21547487509973912,0.8,0.282842712474619,0.98,0.09797958971132713,0.7040000000000001,0.170833252032501,0.2624745641206134,0.05874289585871626,0.3056848681079668,0.07192660588646962,0.9348888888888888,0.8587436507936508,0.552
rerank_ast_no_header,Re-rank (Cross-Encoder),AST Method,No-Header,0.34453177145782804,0.11647383021339673,0.3993097909034471,0.15199694629071644,0.4767586802749936,0.19381311976286003,0.46,0.34409301068170506,0.8457142857142856,0.256093095317675,0.56,0.21908902300206645,0.22021914988438074,0.07585426402672094,0.23768120829081926,0.08796531068626315,0.8224444444444444,0.7504315192743763,0.5359999999999999
rerank_ast_with_header,Re-rank (Cross-Encoder),AST Method,With-Header,0.4565543035567399,0.13112847731464136,0.5642592544054379,0.15087762901442597,0.6749026520811576,0.19743309684418883,0.72,0.34871191548325386,0.94,0.16248076809271922,0.648,0.1899894733926067,0.2526687207813201,0.07733065360386288,0.2806333611946749,0.07730769137570635,0.9133333333333333,0.8253125220458554,0.564
random_corpus_universe,Random Baseline,Random Selection,Full Corpus (798 Chunks),0.019483110625826715,0.004019874638182088,0.0,0.0,0.0,0.0,0.0,0.0,0.0,0.0,0.0,0.0,0.0,0.0,0.0,0.0,0.0,0.0,0.0
random_pool_candidates,Random Baseline,Random Selection,Evaluated Pool Candidates,0.592092148054263,0.0829882700538846,0.0,0.0,0.0,0.0,0.0,0.0,0.0,0.0,0.0,0.0,0.0,0.0,0.0,0.0,0.0,0.0,1.0
